Sequence_ID	Sequence	Length	Charge	Probability_score	AMPlify_log_scaled_score	Prediction
DBAASP_4033	SAVGKLASKVFPAVFSMVTK	20	3	0.8633388	8.6435	AMP
DBAASP_13063	GWGCNIFGGNDYRCHRHCKSIKGYKGGYCKLGGICKCY	38	6	0.9999881	49.2369	AMP
DBAASP_13490	AVGIGALFLGFLGAAGSTMGARS	23	1	0.32257622	1.6914	non-AMP
DBAASP_1432	KRFHSVGSLIQRHQQMIRDKSEATRHGIRIITRPKLLLAS	40	7	0.9949788	22.9919	AMP
DBAASP_7852	ISKRILTGKK	10	4	0.8495109	8.2249	AMP
DBAASP_14649	IDWKKLLDPAKQIL	14	1	0.85206383	8.2993	AMP
DBAASP_10705	FLGGLIKRPPAMICAVRKKC	20	5	0.99999875	59.025	AMP
DBAASP_7808	VALNENLLR	9	0	0.00031531	0.0014	non-AMP
DBAASP_9406	IFGAIWPLALGALKNLIK	18	2	0.9991573	30.7433	AMP
DBAASP_4382	GILDTFKGVAKGVAKDLAVHMLEKLKCKMTGC	32	3	0.9999998	67.476	AMP
DBAASP_10377	KGK	3	2	0.15266688	0.7195	non-AMP
DBAASP_9301	KW	2	1	0.5894101	3.8659	AMP
DBAASP_10363	K	NA	NA	NA	NA	NA
DBAASP_4030	PAVFKIASKVVPSVYCKVSR	20	4	0.86520225	8.7032	AMP
DBAASP_4047	PVVGRVASKVFPAVIGLVKK	20	4	0.8023841	7.0418	AMP
DBAASP_4064	VIAFAKTKEAKAKLKGQAKG	20	5	0.47007456	2.7579	non-AMP
DBAASP_16484	GIKKWLHSPKKFGKKFPKKIMNS	23	8	0.9999797	46.9197	AMP
DBAASP_14316	FLSLIPHVISAIPHVVNALSNL	22	0	0.99961185	34.1101	AMP
DBAASP_20619	RWKRHISEQLRRRDRLQR	18	6	0.757784	6.158	AMP
DBAASP_3973	FLGVVFKLASKVVPAVFGKV	20	3	0.9999329	41.7318	AMP
DBAASP_9717	FPVTWPTKWRKG	12	3	0.9727584	15.6477	AMP
DBAASP_12647	RFWR	4	2	0.41594687	2.3355	non-AMP
DBAASP_4044	VVAKKFFVLVKGLAPVLSPS	20	3	0.8731688	8.9677	AMP
DBAASP_9342	RRPRPRPRPFFFF	13	5	0.925186	11.2602	AMP
DBAASP_4579	QLKVDLWGTRSGI	13	1	0.45289612	2.6193	non-AMP
DBAASP_5177	GILDTIKSIASKVWNSKTVQDLKRKGINWVANKLGVSPQAA	41	5	0.99999213	51.0745	AMP
DBAASP_10702	FLGGLIKPVPAMICAVRKKC	20	4	0.99999845	58.0975	AMP
DBAASP_11050	RNSVRNRVMLWRTKR	15	6	0.5022578	3.03	AMP
DBAASP_14024	IHHIHHHIHHIHHHIHHIHHHIHHIHHH	28	0	0.9994095	32.2882	AMP
DBAASP_9302	PK	2	1	0.0371639	0.1645	non-AMP
DBAASP_1071	GLLRKGGEKIGEKLKKIGQKIKNFFQKLVPQPEQ	34	6	0.9999919	50.9118	AMP
DBAASP_18055	WPRHPTIYA	9	1	0.8087365	7.1837	AMP
DBAASP_10851	FLSLIPAAISAVSALANHF	19	0	0.99960864	34.0742	AMP
DBAASP_7234	NSQIRPLPDKGLDLSIRDASIKIRGKWKARKNFIK	35	7	0.2276608	1.1219	non-AMP
DBAASP_7102	ILGTILPLLKGL	12	1	0.99821115	27.4741	AMP
DBAASP_20106	AIGGLIRK	8	2	0.76322985	6.2567	AMP
DBAASP_4358	GVVDILKGAAKDIAGHLASKVMNKL	25	2	0.99999875	58.823	AMP
DBAASP_4700	RRWQWRMKK	9	5	0.68425167	5.0066	AMP
DBAASP_15902	KRFWPLVPVAINTVAAGIN	19	2	0.9973202	25.7189	AMP
DBAASP_8628	GMLKRIKTLL	10	3	0.99675333	24.8856	AMP
DBAASP_12627	FLSLIPKAISAISALANHF	19	1	0.99996674	44.7809	AMP
DBAASP_18758	GSKKPVPIIYCNAATGKCQRM	21	4	0.9880128	19.2128	AMP
DBAASP_7150	LLPIVGNLLKSLLGAKRKRAG	21	5	0.99998415	47.9984	AMP
DBAASP_17778	FKDLGEENFK	10	-1	0.00093436	0.0041	non-AMP
DBAASP_20566	RRRRWWWWWWW	11	4	0.9991344	30.6266	AMP
DBAASP_13724	CLIMKVRRKK	10	5	0.8789829	9.1715	AMP
DBAASP_567	QAFQTFKPDWNKIRYDAMKMQTSLGQMKKRFNL	33	5	0.9982194	27.4943	AMP
DBAASP_9259	KPV	3	1	0.13171162	0.6134	non-AMP
DBAASP_9720	FPVTWPTKWWEG	12	0	0.6710234	4.8284	AMP
DBAASP_19024	FLAGKLIQEAIAKLK	15	2	0.9880513	19.2268	AMP
DBAASP_12512	KVFKSVVKLLEKTVLKKFSK	20	6	0.9999935	51.8729	AMP
DBAASP_15877	MKKALQYIKLLKE	13	3	0.00026603	0.0012	non-AMP
DBAASP_2225	GFKEVLKADLGSLVKGIAAHVAN	23	1	0.9954071	23.3791	AMP
DBAASP_13059	GFGCNGPWDEDDMKCHNHCKSIKGYKGGYCASAGFVCKCY	40	1	0.99998486	48.1989	AMP
DBAASP_12188	VQWLEQQVAKRRTKR	15	4	0.56853485	3.6505	AMP
DBAASP_19872	GVIIKTL	7	1	0.7836056	6.6475	AMP
DBAASP_19154	DRDRPECSTMVKYEQKLPSLGKYALKRAIKIKFGRK	36	7	0.73816025	5.8196	AMP
DBAASP_5024	HFLGTLVNLKKKIL	14	3	0.99997824	46.6243	AMP
DBAASP_10129	KIAGKIAKIAGKIA	14	4	0.98781365	19.1413	AMP
DBAASP_12911	AVKKLLRWWSRWWKK	15	6	0.9983878	27.9258	AMP
DBAASP_278	WWKDWWERW	9	0	0.4405011	2.522	non-AMP
DBAASP_732	AKRHHGYKRKFH	12	5	0.92279154	11.1233	AMP
DBAASP_17853	GRWWWRG	7	2	0.9998628	38.6261	AMP
DBAASP_3952	FLGVVFKKASKVFPAVFGKV	20	4	0.9999949	52.9022	AMP
DBAASP_7972	KKK	3	3	0.6009828	3.9901	AMP
DBAASP_20328	TALKSLSILKKLAKLNM	17	4	0.99569416	23.6594	AMP
DBAASP_9326	GRRPRPRPRP	10	5	0.6869921	5.0444	AMP
DBAASP_4024	LYSPTCVKAAVSRFIGKVSA	20	3	0.13194396	0.6145	non-AMP
DBAASP_10370	KG	2	1	0.02830107	0.1247	non-AMP
DBAASP_9725	FPLTCPTKWWKG	12	2	0.9468724	12.7468	AMP
DBAASP_8512	RRIRPRPR	8	5	0.6623081	4.7148	AMP
DBAASP_13647	FLFSLIPHAISGLISAFK	18	1	0.999996	53.9865	AMP
DBAASP_8802	KIWFQNKKMKWKK	13	6	0.89063346	9.6112	AMP
DBAASP_16480	GIKKWLHSPKKPGKKFVKKIMNS	23	8	0.99999607	54.0518	AMP
DBAASP_3974	FLGVVFKLASKVFPAVVGKV	20	3	0.9999752	46.0563	AMP
DBAASP_17842	KLFK	4	2	0.84493107	8.0948	AMP
DBAASP_4694	KKFWEDDG	8	-1	0.3958138	2.1883	non-AMP
DBAASP_9840	KK	2	2	0.36244625	1.9548	non-AMP
DBAASP_9341	RRPRPRPRPFFF	12	5	0.8771757	9.1072	AMP
DBAASP_8513	RRIRPRPRC	9	5	0.81041485	7.222	AMP
DBAASP_20016	LGLFLLLLRLILKGFKL	17	3	0.8950769	9.7913	AMP
DBAASP_4249	IKKVASVIGGL	11	2	0.57588583	3.7252	AMP
DBAASP_4217	FLPIIAGAAAKVVEKIFCAISKKC	24	3	0.9999913	50.6037	AMP
DBAASP_4070	SVKVAKSVIPSAVFAGGKVF	20	3	0.29233703	1.5017	non-AMP
DBAASP_12429	WKLLSKAQEKFGKNKSR	17	5	0.80133694	7.0188	AMP
DBAASP_9303	KD	2	0	0.00013992	0.0006	non-AMP
DBAASP_4036	ALVYAGIKKTAFLKVQKCDG	20	3	0.34411535	1.8317	non-AMP
DBAASP_1876	SLLDTFKNLAVNAAKSAGVSVLNALSCKISRTC	33	3	0.99999946	62.2472	AMP
DBAASP_6169	FLPVIASVAAKVLPKVFCFITKKC	24	4	0.9999998	67.476	AMP
DBAASP_564	GKPRPYSPRPTSHPRPIRV	19	5	0.96356267	14.3845	AMP
DBAASP_17770	HQIYPVTQPL	10	0	0.03348221	0.1479	non-AMP
DBAASP_20099	FLGALIPAITGLIGGLINR	19	1	0.99843657	28.0592	AMP
DBAASP_16465	FLPKILKVAAK	11	3	0.9987688	29.0967	AMP
DBAASP_9307	KP	2	1	0.5577289	3.5431	AMP
DBAASP_10115	KKAGKIAKKAGKIA	14	6	0.99640125	24.4386	AMP
DBAASP_4255	GLFDVIKKVAS	11	1	0.99998885	49.5288	AMP
DBAASP_18182	KKLAKEILKAL	11	3	0.9981413	27.3079	AMP
DBAASP_16389	GLLDLLKGAGKGLLTHLASQI	21	1	0.9999997	65.2575	AMP
DBAASP_14102	FLPLILFWIVTAL	13	0	0.99634016	24.3654	AMP
DBAASP_8353	FWRRFWRR	8	4	0.99974537	35.9409	AMP
DBAASP_4004	ASPTVFRSSVFLSLFVVAKK	20	3	0.58850646	3.8564	AMP
DBAASP_17817	GKKPGWWKAK	10	4	0.6455766	4.5048	AMP
DBAASP_9838	KK	2	2	0.36244625	1.9548	non-AMP
DBAASP_4018	GVSSPIVAVKFKGAVASLIK	20	3	0.964896	14.5464	AMP
DBAASP_290	LIKHILHRLGGGFHFHLHF	19	2	0.9999911	50.5153	AMP
DBAASP_13831	ALRGCWTKSIPPKPCP	16	3	0.9999897	49.8667	AMP
DBAASP_17773	YANPAVVRPHAQIPQR	16	2	0.00596813	0.026	non-AMP
DBAASP_19138	MLNILLYSNICVLYIRESNYGGI	23	0	1.2e-07	0.0	non-AMP
DBAASP_20938	GVLEILKSAAKDLAGHVATKVIKKI	25	3	0.9999998	67.476	AMP
DBAASP_4051	SALGRLASKVVPAVIGKVTT	20	3	0.9591365	13.8866	AMP
DBAASP_11112	PRPWPRP	7	2	0.75930893	6.1854	AMP
DBAASP_13205	RRWGRWHRMRRRGR	14	8	0.97101355	15.378	AMP
DBAASP_4042	AKKAQKSGAQTIVKIFAKGM	20	5	0.27697727	1.4085	non-AMP
DBAASP_14654	FKCRRWQRNMRKVRGPPVSCIKRDS	25	8	0.8157644	7.3463	AMP
DBAASP_6170	FLPLIAGVAASILPKIFCFITKKC	24	3	0.99999934	61.8333	AMP
DBAASP_12430	WKLLSKAQEKFGKNKSRC	18	5	0.9828876	17.6669	AMP
DBAASP_17859	ARWWWRA	7	2	0.9819866	17.444	AMP
DBAASP_6914	LQKYYCRVRGGRCAVLSCLPKEEQIGKCSTRGRKCCRRKK	40	11	0.9985054	28.255	AMP
DBAASP_8151	FLFSLIPSVIAGLVSAIRN	19	1	0.99997747	46.4723	AMP
DBAASP_4038	SVKPVGSSVVKGTALVKFFG	20	3	0.9685624	15.0255	AMP
DBAASP_20330	AVLSFVHKLFLNFLHVDTSKGKCRATLQ	28	3	0.99768054	26.3461	AMP
DBAASP_11053	KKAKRRLLKK	10	7	0.87969047	9.197	AMP
DBAASP_5251	PRPLPFPRPGPRPI	14	3	0.4914603	2.9368	non-AMP
DBAASP_5058	KILGVSKRILTGKK	14	5	0.9955867	23.5524	AMP
DBAASP_3976	FLGKVFKGVSKVFPAVFGKV	20	4	0.9999937	51.9941	AMP
DBAASP_4561	GKSDVRRWRSRY	12	4	0.14326927	0.6716	non-AMP
DBAASP_6420	LDDLPGALSELSDLHAHKLRVDPVNFKLLSHSL	33	-2	0.13723345	0.6411	non-AMP
DBAASP_20937	GVLEILKGAAKDLAGHVATKVIKKI	25	3	0.9999998	67.476	AMP
DBAASP_3984	FLGKVFKKASKVFPAVVGKV	20	5	0.9999979	56.8065	AMP
DBAASP_17656	GLLKRLKTLA	10	3	0.999324	31.7003	AMP
DBAASP_12630	FLSLIPKIISAISALIKHF	19	2	0.99999654	54.6129	AMP
DBAASP_15005	DLASLARLYALAR	13	1	0.11021508	0.5071	non-AMP
DBAASP_3967	FLGVVFKSASKVFPAVFGKV	20	3	0.99987096	38.8926	AMP
DBAASP_10884	RSITRPVLVRRRWRVRPVF	19	7	0.9300064	11.5494	AMP
DBAASP_4063	SKFPLAGIFSVPGVKRVVVI	20	3	0.4090053	2.2842	non-AMP
DBAASP_9800	FLSLIPKAIKAVGVKAKKF	19	5	0.9999979	56.8065	AMP
DBAASP_4014	MVVFSVPKFKSTVAKLLSSA	20	3	0.00480899	0.0209	non-AMP
DBAASP_12626	FLSLIPKAISAVSALANHF	19	1	0.9999582	43.79	AMP
DBAASP_4010	PYSLKNGENWLLSEEIIRYP	20	-1	0.00090015	0.0039	non-AMP
DBAASP_18165	FLQGIIDTVGKWL	13	0	0.9995872	33.843	AMP
DBAASP_10718	WPRFPKPRKPTYPGPTYPGPTWPRPTWRRSATIDTEH	37	5	0.9941093	22.2983	AMP
DBAASP_19356	FWGAAAKMLGKALPGLISMFQKN	23	3	0.99226034	21.1128	AMP
DBAASP_20043	FWRRRWF	7	3	0.9962629	24.2746	AMP
DBAASP_14975	IRIRPIRIRP	10	4	0.98200107	17.4475	AMP
DBAASP_10130	KIAGKIAKIAGKIAK	15	5	0.99843794	28.0629	AMP
DBAASP_7617	WW	2	0	0.59834504	3.9615	AMP
DBAASP_3968	FLGGVFKGASKVFPAVFGKV	20	3	0.99998933	49.7187	AMP
DBAASP_16981	FPVTWRWWKWWKGKFPVTWRWWKWWKG	27	7	0.9997486	35.9961	AMP
DBAASP_5096	WW	2	0	0.59834504	3.9615	AMP
DBAASP_20356	GWGLINIKIPPVLHKVSVPLVSKR	24	4	0.9992283	31.1255	AMP
DBAASP_701	GIWDTIKSMGKVFAGLILQNL	21	1	0.99995184	43.1731	AMP
DBAASP_18063	PRYPRWPRHPT	11	3	0.08056788	0.3648	non-AMP
DBAASP_19357	FVKELWDKVKKMGSAAWSAAKGAFA	25	3	0.9997691	36.3656	AMP
DBAASP_20063	RWR	3	2	0.04209314	0.1868	non-AMP
DBAASP_11361	ASEELLLRFQATSSGPILREEFE	23	-3	0.01986753	0.0872	non-AMP
DBAASP_10741	GLFDIVKKVV	10	1	0.9999396	42.1911	AMP
DBAASP_13423	IRKYLEEDNLGEKLAAVVSIYVKRLNKRLDMR	32	3	0.50985545	3.0968	AMP
DBAASP_13061	GFGCNGPWDEDDMKCHNHCKTIKGYKGGYCASAGFVCKCY	40	1	0.99998647	48.6869	AMP
DBAASP_5050	KKIMRTFLRR	10	5	0.80581176	7.1178	AMP
DBAASP_14655	FKCRRWQWNMRKVRGPPVSCIKRDS	25	7	0.7991485	6.9712	AMP
DBAASP_6921	AVLSALPKEEQIGKASTRGRKAARRKK	27	7	0.40417123	2.2488	non-AMP
DBAASP_8620	GVVKRIKTVV	10	3	0.9014102	10.0617	AMP
DBAASP_10372	KGKG	4	2	0.3166296	1.6534	non-AMP
DBAASP_8163	KTRNWFSEHFKKVKEKLKDTFA	22	4	0.99879587	29.1933	AMP
DBAASP_20812	FLPFLGKLLSGIF	13	1	0.99455863	22.6429	AMP
DBAASP_1478	GLFDVVKGVLKGVGKNVAGSLLEQLKCKLSGGC	33	3	1.0	80.0	AMP
DBAASP_19832	LFVNVLDKIR	10	1	0.29624313	1.5258	non-AMP
DBAASP_1459	GLLDAIKDTAQNLFANVLDKIKCKFTKC	28	2	1.0	80.0	AMP
DBAASP_3970	FLGVVVKLASKVFPAVFGKV	20	3	0.9999199	40.9632	AMP
DBAASP_6419	VLSAADKGNVKAAWGKVGGHAAEYGAEALERMF	33	0	0.80483186	7.0959	AMP
DBAASP_9721	FPVTWPTKWLKG	12	2	0.98751533	19.0362	AMP
DBAASP_4053	LGVVGSLASKVVPAVISKVK	20	3	0.96967375	15.1818	AMP
DBAASP_17246	FLKELKKLL	9	2	0.85619754	8.4223	AMP
DBAASP_10036	nan	NA	NA	NA	NA	NA
DBAASP_15624	AACSLGSLLNVGCNSCACAAHCLATRGKNGACNSQRRCVCNK	42	5	0.99238586	21.1838	AMP
DBAASP_14002	LRRLRRRWLRRLRRR	15	10	0.96499574	14.5588	AMP
DBAASP_15625	ATCDLLSFLNVKDAACAAHCLAKGYRGGYCDGRKVCNCRK	40	4	0.99999505	53.0564	AMP
DBAASP_3996	RKVAPALIKSFVFLFKFKKG	20	6	0.99652064	24.585	AMP
DBAASP_8510	RRIRPRPPRLPRPC	14	6	0.99915665	30.7399	AMP
DBAASP_17236	FLKGLKKLL	9	3	0.999646	34.5101	AMP
DBAASP_8022	AGYLLPKINLKPLAKLPKKIL	21	5	0.98847497	19.3836	AMP
DBAASP_9265	KPV	3	1	0.13171162	0.6134	non-AMP
DBAASP_8621	GMMKRIKTMM	10	3	0.9897908	19.9101	AMP
DBAASP_4581	KSDVRRWRSRY	11	4	0.09747388	0.4454	non-AMP
DBAASP_10122	KIAKKIAKIAKKIA	14	6	0.9998747	39.0209	AMP
DBAASP_8294	GVFDIIKGAGKQLIAHAMGKIAEKVGLNKDGN	32	2	0.9999839	47.9336	AMP
DBAASP_13805	KGARQAWKDYKYNRNMQKMNQGYGQQGG	28	5	0.2708953	1.3721	non-AMP
DBAASP_474	KKAAAKAAAAAKAAWAAKAAAKKKK	25	9	0.98058176	17.1179	AMP
DBAASP_7768	RFRRLRKKWRKRLKKI	16	11	0.99997467	45.9531	AMP
DBAASP_5426	LRPAILVRTK	10	3	0.99894565	29.7704	AMP
DBAASP_5246	PRPPRLPRPRPRPLPFPRP	19	6	0.9331789	11.7509	AMP
DBAASP_14997	IAKIAGKIAKIAGKIAK	17	5	0.9943899	22.5103	AMP
DBAASP_9848	KKCGFFCKLKNKLKSTGSRSNIAAGTHGGTFRV	33	8	0.9998114	37.2462	AMP
DBAASP_8803	FQNRRMKWKK	10	5	0.5136572	3.1306	AMP
DBAASP_5119	GFGCPFNENECHAHCLSIGRKFGFCAGPLRATCTCGKQ	38	2	0.9999002	40.0096	AMP
DBAASP_10051	GLFDIWAWWRWRR	13	2	0.9666684	14.7714	AMP
DBAASP_10367	K	NA	NA	NA	NA	NA
DBAASP_4029	KSPFVLVVSSRVAAVIKSLP	20	3	0.64983416	4.5573	AMP
DBAASP_9304	KR	2	2	0.11038069	0.508	non-AMP
DBAASP_17652	GAAKRAKTAA	10	3	0.5862606	3.8327	AMP
DBAASP_9601	IIRKIIRK	8	4	0.9981658	27.3655	AMP
DBAASP_18068	YPRYPRYPRYPRYPRYPRYPR	21	7	0.84460366	8.0856	AMP
DBAASP_17775	EKFGKDKSPKFQ	12	2	0.07230328	0.3259	non-AMP
DBAASP_16144	KLDLKLDLKLDL	12	0	0.29577887	1.5229	non-AMP
DBAASP_4395	GLMDTVKNAAKNLAGQMLDKLKCKITGSC	29	3	0.9999998	67.476	AMP
DBAASP_8746	RAWVAWRNR	9	3	0.86906093	8.8293	AMP
DBAASP_3768	GWASKIGTQLGKMAKVGLKEFVQS	24	3	0.99968314	34.9905	AMP
DBAASP_4015	VVFRVASKVFPAVYCTVSKK	20	4	0.999193	30.9313	AMP
DBAASP_21460	QWWGGRGGGRWRGGWRGGWRGRGRGWW	27	7	0.99951714	33.1618	AMP
DBAASP_3991	FLGVVFKLASKVFGAVFKKV	20	4	0.99999607	54.0518	AMP
DBAASP_4057	VVGRVASKVVPSLIGLFTTK	20	3	0.7914744	6.8084	AMP
DBAASP_16779	LNLKALLAVAKK	12	3	0.7040919	5.2884	AMP
DBAASP_16920	EKKRLLKWWR	10	4	0.7627956	6.2488	AMP
DBAASP_11527	FSGGDCRGLRRRCFCTR	17	4	0.77793545	6.5352	AMP
DBAASP_1648	VCSCRLVFCRRTELRVGNCLIGGVSFTYCCTRV	33	4	0.9994753	32.8009	AMP
DBAASP_16927	KKKKLLLLRR	10	6	0.9419792	12.3642	AMP
DBAASP_13723	GFIVKRFKILV	11	3	0.9764843	16.2864	AMP
DBAASP_15875	KKMKKALQYIKLLKE	15	5	0.97881925	16.7406	AMP
DBAASP_8166	PPPVIKFNRPFLMWIVERDTRSILFMGKIVNPKAP	35	4	0.9854504	18.3715	AMP
DBAASP_2024	KISKRILTGKK	11	5	0.96821034	14.9771	AMP
DBAASP_8095	ILPILAPLIGGLL	13	0	0.8708517	8.8891	AMP
DBAASP_20389	GLISGILGAGKKVLC	15	2	0.9999998	67.476	AMP
DBAASP_18613	LKLLKKLL	8	3	0.97574264	16.1516	AMP
DBAASP_20288	MKKLLLILFCLALALAGCKKAP	22	4	0.00843423	0.0368	non-AMP
DBAASP_20377	TPLSDIFRGQLRSRVSR	17	3	0.91142726	10.527	AMP
DBAASP_4016	TAKVVVFVSFSYVVPKKRAC	20	4	0.916028	10.7587	AMP
DBAASP_20380	GSSSRSCRCIRLSRLSSKRT	20	6	0.9986577	28.7215	AMP
DBAASP_14315	SLRSSIKDMAAAAGRAALNAVNGIVNP	27	2	0.9215151	11.0521	AMP
DBAASP_13836	RKKRRQRRRCWTKSIPPKPC	20	10	0.9981408	27.3068	AMP
DBAASP_7463	IKPAGKLFKLFK	12	4	0.93735427	12.0311	AMP
DBAASP_17815	GKKWGGWKAK	10	4	0.9424518	12.3997	AMP
DBAASP_6913	LQKYYCRVRGGRCAVLS	17	4	0.97982615	16.9521	AMP
DBAASP_10366	KGKG	4	2	0.3166296	1.6534	non-AMP
DBAASP_4069	GAVFGVASKVVPSVFSAIKK	20	3	0.9993583	31.9267	AMP
DBAASP_3777	GWASKIGQTLGKMAKVGLQELIQPK	25	3	0.99996567	44.643	AMP
DBAASP_16924	KWWRLLHKKQ	10	4	0.99986017	38.5439	AMP
DBAASP_15004	YYQVSEERRRDLASLARLYALAR	23	2	0.00231027	0.01	non-AMP
DBAASP_12192	TKRSLSPHRPRHSRLQREPQVQWLEQQVAKRRTKR	35	9	0.5962012	3.9383	AMP
DBAASP_13064	GWGCTIFGGNDSRCHRHCKSIRGYRGGYCKLGGICKCY	38	6	0.99999315	51.6402	AMP
DBAASP_11111	PRPLPRP	7	2	0.28264064	1.4426	non-AMP
DBAASP_4470	AWLDKLKSLGKVVG	14	2	0.99999464	52.7048	AMP
DBAASP_17777	MTSALPIIQK	10	1	0.00010919	0.0005	non-AMP
DBAASP_20369	KHHHIKLRHGRHRRSVLRTLV	21	7	0.9979464	26.8748	AMP
DBAASP_20811	FLPFLGKLLSGIF	13	1	0.99455863	22.6429	AMP
DBAASP_5025	HFLGTLVNLAKKKL	14	3	0.9999901	50.0461	AMP
DBAASP_20322	AGYSRMIRRPPGFSPFRVAPASSLKR	26	6	0.94332105	12.4658	AMP
DBAASP_17395	LNWGAIKKHIIK	12	3	0.92128706	11.0395	AMP
DBAASP_9253	KPV	3	1	0.13171162	0.6134	non-AMP
DBAASP_14028	IHHIHHIIHHIHHIIHHIHHIIHHIHHI	28	0	0.99955255	33.4925	AMP
DBAASP_6430	ASHLPSDFTPAVHASLDKFLANVSTVLTSKYR	32	1	0.11284679	0.52	non-AMP
DBAASP_4218	GLMDTIKGVAKTVAASWLDKLKCKITGC	28	3	0.9999995	63.2163	AMP
DBAASP_19842	ELPIVAKLLSGLL	13	0	0.9500574	13.0153	AMP
DBAASP_17330	GLHKVMREVLGY	12	1	0.9669453	14.8077	AMP
DBAASP_18113	RSVIFGCTKSIPPICFVGTR	20	3	0.9879308	19.1832	AMP
DBAASP_4393	ILGAILPLVSGLLSNKL	17	1	0.9995799	33.7665	AMP
DBAASP_4248	DVIKKVASVIGGL	13	1	0.9999401	42.2255	AMP
DBAASP_10369	KKKK	4	4	0.70181954	5.2552	AMP
DBAASP_14268	VRRFPAAWPFLRR	13	4	0.7532031	6.0766	AMP
DBAASP_9904	WMQKVIDRFGG	11	1	0.9068354	10.3075	AMP
DBAASP_17013	KLLKLLKKPLKLLK	14	6	0.99955493	33.5163	AMP
DBAASP_20102	FLGALIPAAIGLISGLIKK	19	2	0.9999947	52.8024	AMP
DBAASP_283	AAKHAAHRA	9	2	0.41523007	2.3301	non-AMP
DBAASP_3764	GKFLHSAGKFGKAFLGEVMIG	21	2	0.9999098	40.4517	AMP
DBAASP_17331	YERNSYKKFFLR	12	3	0.4025536	2.237	non-AMP
DBAASP_2505	IPHAVKAISDLI	12	0	0.5655545	3.6206	AMP
DBAASP_3978	FLGKVFKGASKVVPAVFGKV	20	4	0.99999	49.9941	AMP
DBAASP_20333	ITEPVGTKAPTFTSELRGGWLKKR	24	3	0.99599606	23.9752	AMP
DBAASP_20441	GLLSGILGAGKK	12	2	0.99996346	44.3655	AMP
DBAASP_1202	RLARIVPIRVAR	12	4	0.9678981	14.9347	AMP
DBAASP_12925	AAKAAAKAAAKAA	13	3	0.5932074	3.9063	AMP
DBAASP_9439	RYWVAWRNR	9	3	0.8402893	7.9667	AMP
DBAASP_2202	FLPLVTGLLSGLL	13	0	0.9991748	30.8343	AMP
DBAASP_3220	VVLKIVRRF	9	3	0.9971882	25.5102	AMP
DBAASP_4257	GLFDVIK	7	0	0.7769521	6.516	AMP
DBAASP_14272	GLKRIFKSGLGKLVKGISAHVAS	23	5	0.9999876	49.0666	AMP
DBAASP_3963	FLGVVFKKASKVFPAVFKKV	20	5	0.9999979	56.8065	AMP
DBAASP_18152	FLPLIAGLFGKIF	13	1	0.94864595	12.8942	AMP
DBAASP_20565	RRRRWWWWWW	10	4	0.99910814	30.4973	AMP
DBAASP_1895	GFMDTAKNVAKNVAATLLDKLKCKITGGC	29	3	1.0	80.0	AMP
DBAASP_4048	VKRAGKGVAVVPSPLFKIVV	20	4	0.8097696	7.2072	AMP
DBAASP_4031	KVYVVKIAVPCFPKSARSVS	20	4	0.4677385	2.7387	non-AMP
DBAASP_19854	FLPIVAKLLSGLE	13	0	0.9940473	22.2528	AMP
DBAASP_5287	FLPIVGRLISGLL	13	1	0.99803627	27.069	AMP
DBAASP_7143	RFRRLRKKTRKRLKKI	16	11	0.99996686	44.8043	AMP
DBAASP_2288	GLASTIGSLLGKFAKGGAQAFLQPK	25	3	0.99999297	51.5284	AMP
DBAASP_10913	QIAALEQEIAALEQEIAALQ	20	-4	0.00043138	0.0019	non-AMP
DBAASP_11104	PRPGPRP	7	2	0.32594007	1.713	non-AMP
DBAASP_17769	LLNPTHQIYPVTQPLAPVHNPIS	23	0	0.2871612	1.4701	non-AMP
DBAASP_14656	FKCRRWQWRMRKVRGPPVSCIKRDS	25	8	0.81268656	7.2743	AMP
DBAASP_10292	LLGMIPVAIKAISALSKL	18	2	0.9937398	22.0341	AMP
DBAASP_8159	AFFARLLASVRAAVKAFAKKPRLIGLSTLL	30	6	0.93519765	11.8841	AMP
DBAASP_4261	GLFDVVIGGL	10	-1	0.5695454	3.6607	AMP
DBAASP_4265	GLFAVIKKVASV	12	2	0.9999777	46.5185	AMP
DBAASP_15886	KKMKKALQYIKL	12	5	0.62597495	4.271	AMP
DBAASP_19515	ASVVNKLTGGVAGLLK	16	2	0.6911309	5.1023	AMP
DBAASP_4251	GLFDVIKKVASVIGG	15	1	1.0	80.0	AMP
DBAASP_16462	FLPGILKVAANVVPGVICAITKKC	24	3	0.9999992	61.1078	AMP
DBAASP_15007	VSFNRAVIHSLLG	13	1	0.66992396	4.8139	AMP
DBAASP_10373	K	NA	NA	NA	NA	NA
DBAASP_17929	GILDIKNKVSNLFKKIKGEK	20	4	0.999996	53.9865	AMP
DBAASP_15000	FIIWPLRYRK	10	3	0.995388	23.3611	AMP
DBAASP_4297	FLSLIPSLVGGSISAFK	17	1	0.9998995	39.9786	AMP
DBAASP_13415	AMAYLAKDNLGEKITEVITILLNRLTDRLEKYAG	34	0	0.6809443	4.9613	AMP
DBAASP_8162	FSTKTRNWFSEHFKKVKEKLKDTFA	25	4	0.9974068	25.8616	AMP
DBAASP_21030	MLRKVGVIGHWKIWWSGGWKRWRWR	25	7	0.0010199	0.0044	non-AMP
DBAASP_20366	RKIIAVSVHKLCRVKR	16	6	0.9989769	29.9008	AMP
DBAASP_4067	LPVVFKIASKVVPSVISKIT	20	3	0.8142693	7.3112	AMP
DBAASP_20396	GAPKGCWTKSYPPKPCSGKR	20	5	0.9999734	45.7636	AMP
DBAASP_7024	SPGRPRPFPGRPKPIFRPR	19	6	0.9617794	14.177	AMP
DBAASP_9546	FLSMIPHIAGGIASLVKNL	19	1	0.9992176	31.0659	AMP
DBAASP_4028	PVVFSVASKVVPSLISALKR	20	3	0.6604476	4.6909	AMP
DBAASP_4364	ILGKLLSTAAGLLSKL	16	2	0.99999607	54.0518	AMP
DBAASP_20570	RRRRRWWWWWWW	12	5	0.998782	29.1435	AMP
DBAASP_9263	KPV	3	1	0.13171162	0.6134	non-AMP
DBAASP_2227	GFKEVLKAGLGSLVKGIPAHVAN	23	2	0.99506205	23.0645	AMP
DBAASP_7235	VRIHISGSSLGWLIQLFRKRIESLLQKS	28	4	0.81300056	7.2816	AMP
DBAASP_3105	FLPLVTMLLGKLF	13	1	0.9995688	33.6528	AMP
DBAASP_279	WWYNWWQDW	9	-1	0.17952058	0.8593	non-AMP
DBAASP_14417	FWRRFWRR	8	4	0.99974537	35.9409	AMP
DBAASP_919	GIINTLQKYYCRVRGGRCAVLSCLPKEEQIGKCSTRGRKCCRRKK	45	11	0.9999839	47.9336	AMP
DBAASP_10887	GTAWRWHYRARS	12	3	0.96015835	13.9966	AMP
DBAASP_19590	FVDLKKIANII	11	1	0.92078096	11.0117	AMP
DBAASP_9337	GRRPRPRPRPFFFF	14	5	0.9620638	14.2095	AMP
DBAASP_7814	RFRRLRDKTRDRLKKI	16	7	0.9801428	17.0208	AMP
DBAASP_17771	LAPVHNPI	8	0	0.44792637	2.58	non-AMP
DBAASP_17251	FLKPLKKLL	9	3	0.99939215	32.162	AMP
DBAASP_17012	KLLKLPKKLLKLLK	14	6	0.9998287	37.6623	AMP
DBAASP_14027	IHHIHHIIHHIHHIIHHIHHI	21	0	0.9996716	34.8357	AMP
DBAASP_18046	LLPIVGNLLKSLLGWKAKRFG	21	4	0.9999947	52.8024	AMP
DBAASP_19021	FLALAGKQEAIAKLK	15	2	0.795435	6.8917	AMP
DBAASP_19646	INWLHLGHMVIDAL	14	-1	0.6225638	4.2316	AMP
DBAASP_20100	FLGALIPAITG	11	0	0.97092646	15.365	AMP
DBAASP_20355	GAHKEVFKRDTALTKEAAKKAKK	23	5	0.99926776	31.3534	AMP
DBAASP_13833	ALRGCWTKSIPPKPCK	16	4	0.99999344	51.8333	AMP
DBAASP_13637	EDWNHLGAAVHTLKHVYK	18	0	0.5593522	3.5591	AMP
DBAASP_11107	PRPGPRP	7	2	0.32594007	1.713	non-AMP
DBAASP_6008	GLLNVIKDTAQNLFAAALDKLKCKVTKCN	29	3	0.9999998	67.476	AMP
DBAASP_9297	KL	2	1	0.74125266	5.8712	AMP
DBAASP_10294	LLGMIKVAITAISALSKL	18	2	0.94026023	12.2374	AMP
DBAASP_14176	AVAVVGQAATVVK	13	1	0.0288266	0.127	non-AMP
DBAASP_9799	FLSLIPHAIKAVGVHAKHF	19	2	0.9999918	50.8484	AMP
DBAASP_20105	FLGALIPAIAG	11	0	0.9931138	21.6203	AMP
DBAASP_9541	FFSMIPKIATGIASLVKNL	19	2	0.9985969	28.5289	AMP
DBAASP_18158	INLKAVAALAKKLL	14	3	0.93536425	11.8953	AMP
DBAASP_5370	GLVGTLLGHIGKAILS	16	1	0.99991506	40.706	AMP
DBAASP_20442	GILSGLLGAGKKIVCGLSGMC	21	2	1.0	80.0	AMP
DBAASP_13717	WKIFKLKLRMLW	12	4	0.99401146	22.2267	AMP
DBAASP_17776	DMLVVDPK	8	-1	0.28287527	1.4441	non-AMP
DBAASP_11187	RPRFPPPFPIPRIPRIP	17	4	0.9720909	15.5425	AMP
DBAASP_2443	GLFKGKKKNKKTK	13	7	0.99853027	28.3274	AMP
DBAASP_20104	FLGALIPAIAGAIGGLIRK	19	2	0.99989146	39.6417	AMP
DBAASP_10067	RLNTTFRPLNFKMLRFWGQNRNIMKHRGQKVHFSLILSDCKTNKDCPKLRRANVRCRKSYCVPI	64	14	0.99457693	22.6575	AMP
DBAASP_4013	ALFSLASKVVPSVFSMVTKK	20	3	0.8362608	7.8585	AMP
DBAASP_18056	PRLPRIPRLPRYPRYPRWPRHPTIYA	26	7	0.7030204	5.2727	AMP
DBAASP_20620	RWKRHISEQLRRRDRLQRQAF	21	6	0.7308532	5.7001	AMP
DBAASP_4026	ALGKLASKVFPAVYCTISRK	20	4	0.9990388	30.1719	AMP
DBAASP_4017	LSAVGKIASKVVPSVIGAFK	20	3	0.9374689	12.039	AMP
DBAASP_4259	IKKVASV	7	2	0.45817724	2.6614	non-AMP
DBAASP_4046	IASAVPVCVKGKISKSYISV	20	3	0.8590568	8.5096	AMP
DBAASP_19135	MIRTFSSSINVRPRFCILGMISIPSEQLYPTIKTEE	36	1	2.804e-05	0.0001	non-AMP
DBAASP_2429	FLPLIGKILGTIL	13	1	0.996107	24.0971	AMP
DBAASP_9317	GFRKFHKFWA	10	3	0.99356645	21.9155	AMP
DBAASP_3979	FLGVVFKGASKVFPAVVGKV	20	3	0.9999912	50.574	AMP
DBAASP_9545	FFSMIPHIATGIASLVKNL	19	1	0.9988996	29.5846	AMP
DBAASP_9296	KG	2	1	0.02830107	0.1247	non-AMP
DBAASP_18062	RLPRYPRYPRWPRHPT	16	5	0.99889773	29.5771	AMP
DBAASP_3218	KRIMKLKMR	9	5	0.6484815	4.5405	AMP
DBAASP_18112	RSFIFGCTKSIPPICFVGFK	20	3	0.99241734	21.2018	AMP
DBAASP_16391	GAVVDILKGAGKNLLSLALNKLSEKV	26	2	0.99996054	44.0386	AMP
DBAASP_4068	KIVKVITVKSISPASLVPVF	20	3	0.8292106	7.6754	AMP
DBAASP_12674	QLGKKKHRRRPSKKKRHW	18	10	0.9989094	29.6236	AMP
DBAASP_10738	GLFDIVKKVVGAAGSL	16	1	0.9999998	67.476	AMP
DBAASP_10123	KIAGKIAKIAKKIAK	15	6	0.9997653	36.2944	AMP
DBAASP_9905	KKWMQKVIDRFGG	13	3	0.9846714	18.145	AMP
DBAASP_2226	ILGAIIPLVSGLLSHL	16	0	0.99990547	40.2442	AMP
DBAASP_18330	GIKRGIIKRIKRIKRK	16	9	0.99999446	52.5624	AMP
DBAASP_7661	SAVLRHLRRFLLRKHRKH	18	7	0.997484	25.9929	AMP
DBAASP_10291	LLGMIPVAITAISALSKL	18	1	0.9944989	22.5955	AMP
DBAASP_20953	IGKLFKRIHLRIKRFLRELVRQLR	24	8	0.9995512	33.4792	AMP
DBAASP_3980	FLGKVVKKASKVFPAVFGKV	20	5	0.99998206	47.4615	AMP
DBAASP_19850	FLPIVAKLESGLL	13	0	0.70456165	5.2953	AMP
DBAASP_11101	PRPRPRP	7	3	0.01903528	0.0835	non-AMP
DBAASP_473	KKAAAHAAAAAHAAWAAHAAAKKKK	25	6	0.94007605	12.224	AMP
DBAASP_9716	FPVTWPTKWWKS	12	2	0.9913711	20.6405	AMP
DBAASP_1129	FLPIIGKLLSGLL	13	1	0.9921811	21.0686	AMP
DBAASP_8800	KIWFQNRRMKWKK	13	6	0.7865311	6.7067	AMP
DBAASP_17653	GAAKRAKTAL	10	3	0.5660588	3.6257	AMP
DBAASP_13642	EILSKALSALSPLAN	15	0	0.9954394	23.4098	AMP
DBAASP_15994	FIQHLIPLIPHAIQGIKDIF	20	0	0.9892515	19.6865	AMP
DBAASP_10642	GRFRRLRKKTRK	12	8	0.99904674	30.2076	AMP
DBAASP_20042	LWRRRWL	7	3	0.9949199	22.9413	AMP
DBAASP_9266	KPV	3	1	0.13171162	0.6134	non-AMP
DBAASP_4072	KVGKGSYPCSFVKVVAKVSV	20	4	0.80826694	7.173	AMP
DBAASP_20332	KYHHIKLRHGRHRRTIH	17	6	0.9974913	26.0054	AMP
DBAASP_15623	QFNMQGGGSPRQGFDVNANARFPIWQSQNARNSVHGTASYAQHLGGPYGNSRPNFGGGLQFT	62	3	0.94661933	12.7262	AMP
DBAASP_11262	FFYNVIKIYGNMAGRISK	18	3	0.9359158	11.9325	AMP
DBAASP_18110	SVIFGCTKSIPPICFVGF	18	1	0.9148588	10.6986	AMP
DBAASP_15903	LYKAIRRK	8	4	0.48693597	2.8983	non-AMP
DBAASP_19835	FVNVLDKI	8	0	0.78081965	6.592	AMP
DBAASP_4023	SALGRVASKVFPAVYCSITK	20	3	0.99746144	25.9541	AMP
DBAASP_7767	RFRRLRKKFRKRLKKI	16	11	0.99996805	44.9556	AMP
DBAASP_4035	VKDLAKFIAKTVAKQGGCYL	20	3	0.8593928	8.5199	AMP
DBAASP_11109	PRPLPRP	7	2	0.28264064	1.4426	non-AMP
DBAASP_11049	NGKTWKKNRKACQVK	15	6	0.81514245	7.3316	AMP
DBAASP_12185	GIMDTVKNAAKNLAGQLLDKLK	22	2	0.99999934	61.8333	AMP
DBAASP_3402	ILPILGNLLNGLL	13	0	0.98724145	18.942	AMP
DBAASP_16780	LNLKALLAVAK	11	2	0.6552765	4.6253	AMP
DBAASP_20022	LAKKLKEYLEKLV	13	2	0.9679592	14.943	AMP
DBAASP_10379	K	NA	NA	NA	NA	NA
DBAASP_4254	GLFDVIKKVASV	12	1	0.9999998	67.476	AMP
DBAASP_10382	KG	2	1	0.02830107	0.1247	non-AMP
DBAASP_17655	GLAKRAKTLL	10	3	0.8891548	9.5528	AMP
DBAASP_3997	LGALFRVASKVFPAVISMVK	20	3	0.7378648	5.8147	AMP
DBAASP_1362	TKCFQWQRNMRKVRGPPVSCIKRDS	25	6	0.5624994	3.5902	AMP
DBAASP_1878	SVLGTVKDLLIGAGKSAAQSVLTTLSCKLSNSC	33	2	0.9999997	64.4657	AMP
DBAASP_20360	AAGAGKVTKSAQKAQKAK	18	5	0.91762406	10.842	AMP
DBAASP_18154	LPLIAGLWGKIW	12	1	0.9710377	15.3817	AMP
DBAASP_6009	GLLNVIKDTAQNLFAAALEKLKCKVTKCN	29	3	0.9999998	67.476	AMP
DBAASP_13878	WLSKTAKKL	9	3	0.7466715	5.9632	AMP
DBAASP_5712	NLLGSLLKTGLKVGSNLL	18	2	0.9999817	47.3758	AMP
DBAASP_20174	FIFSKLFLGLIKI	13	2	0.9924047	21.1946	AMP
DBAASP_3960	FLKVVFKKASKVFPAVFGKV	20	5	0.9999939	52.1612	AMP
DBAASP_11113	PRPWPRP	7	2	0.75930893	6.1854	AMP
DBAASP_13250	AIARTRRRLLLYLLA	15	4	0.53685594	3.3428	AMP
DBAASP_19869	GVIIDTLKGAAKTVAAELLRKAH	23	2	0.99998856	49.4142	AMP
DBAASP_11108	PRPLPRP	7	2	0.28264064	1.4426	non-AMP
DBAASP_16977	SRDSRPVQPRVQPPPPPPKQKPSIYDTPIRRPGGRKTMYA	40	7	0.86934453	8.8387	AMP
DBAASP_15001	FILKRSYPQYY	11	2	0.4313602	2.4516	non-AMP
DBAASP_19873	GVIIKTLKGAAKTV	14	3	0.9996627	34.7198	AMP
DBAASP_3999	LPVLFKLASKVFPAVFSSLK	20	3	0.80148554	7.0221	AMP
DBAASP_11186	PYLPRPGRRPRFPPPFP	17	4	0.7810286	6.5961	AMP
DBAASP_11821	DSEGWKVQPNINRDQDGNTAGSVRVQKQLGNHEVHAGASRVFSGPNRGGPSYNVGATFNW	60	1	0.9849173	18.2152	AMP
DBAASP_4695	IYYPPNHNFP	10	0	0.01921245	0.0843	non-AMP
DBAASP_18156	INLKAIAASAKKLL	14	3	0.94553155	12.6385	AMP
DBAASP_7103	ILGTIPGLLKGL	12	1	0.9875886	19.0618	AMP
DBAASP_10364	KKKK	4	4	0.70181954	5.2552	AMP
DBAASP_19607	ARARRRRFRARA	12	7	0.02605329	0.1146	non-AMP
DBAASP_17333	KVMREVLGYERNSYK	15	2	0.30841297	1.6015	non-AMP
DBAASP_6005	FLPILGKLLSGFL	13	1	0.99367446	21.989	AMP
DBAASP_9839	KK	2	2	0.36244625	1.9548	non-AMP
DBAASP_320	KIGAIKKWGAIKKIGAIK	18	6	0.99984634	38.1344	AMP
DBAASP_4066	KTVPVVLKASIKVSSAGFGF	20	3	0.91347	10.6283	AMP
DBAASP_568	GETFDKLKEKLKTFYQKLVEKAEDLKGDLKAKLS	34	2	0.99884903	29.3894	AMP
DBAASP_20537	VNRVTRVIATRRNEAERIGVPLYF	24	3	0.21785846	1.0671	non-AMP
DBAASP_13008	KKLGWGLKK	9	4	0.99117315	20.5419	AMP
DBAASP_5856	EQLKKCWNNYVQGHCRKICRVNEVPEALCENGRYCCLNIK	40	3	0.9996797	34.9442	AMP
DBAASP_3966	FLGVVFKGASKVFPAVFGKV	20	3	0.99998456	48.1142	AMP
DBAASP_13247	KWKCLAKVGIAAH	13	3	0.9573779	13.7037	AMP
DBAASP_19286	GLLGKILGAGKKVL	14	3	0.99934506	31.8376	AMP
DBAASP_8876	DIGKYCGYAHALN	13	0	0.391034	2.1541	non-AMP
DBAASP_7663	SKVGRHLRRFGHRAHRKL	18	7	0.867376	8.7738	AMP
DBAASP_8596	GLLTRIKTLL	10	2	0.93601906	11.9395	AMP
DBAASP_9333	GRRPRPRPRPFFF	13	5	0.9536689	13.3413	AMP
DBAASP_18104	SVIFGCTKSIPPICFVGFK	19	2	0.9345473	11.8407	AMP
DBAASP_10653	LIGSLVRGILPLF	13	1	0.9823554	17.5339	AMP
DBAASP_13644	ETAKGVAKHLPPAIA	15	1	0.72259915	5.5689	AMP
DBAASP_11571	KKCKGYRCRPVGFSSPISRRINDSENIYLPFGV	33	5	0.78239274	6.6233	AMP
DBAASP_9703	KWKSFLKTFKSAEKTVLHTALKAISS	26	5	0.9995868	33.838	AMP
DBAASP_11051	KAKRRARNLNQKKRK	15	9	0.7564972	6.135	AMP
DBAASP_8288	GVFDIIKDAGKQLVAHAMGKIAEKV	25	1	0.9999925	51.2435	AMP
DBAASP_7590	WW	2	0	0.59834504	3.9615	AMP
DBAASP_4385	FLPLAMALGKLL	12	1	0.99717814	25.4947	AMP
DBAASP_21465	WCRRQNLRRWIHWRRNRLLSLNWWRTNRHLKRTKVF	36	12	0.8491848	8.2155	AMP
DBAASP_14023	IHHIHHHIHHIHHHIHHIHHH	21	0	0.9984225	28.0203	AMP
DBAASP_325	KLAGLKAKWAGLKAKLAGLKA	21	6	0.99934655	31.8479	AMP
DBAASP_14194	GTNLYMLPKWDIP	13	0	0.11917862	0.5511	non-AMP
DBAASP_13773	KWFRVYRGIYRRRR	14	7	0.98831	19.3219	AMP
DBAASP_4071	FVGGVASKVVPSVYCKVSKK	20	4	0.99987984	39.2023	AMP
DBAASP_10319	KWWRWRRWW	9	4	0.9999708	45.3452	AMP
DBAASP_8624	GVLKRIKTLV	10	3	0.98610055	18.57	AMP
DBAASP_7614	WW	2	0	0.59834504	3.9615	AMP
DBAASP_1400	CFQWKRAMRKVR	12	5	0.76225984	6.239	AMP
DBAASP_14093	FKARRWQWRMKKLGA	15	6	0.9658592	14.6673	AMP
DBAASP_9798	FLSLIPHAINAVGVHAKHF	19	1	0.9999932	51.6782	AMP
DBAASP_4011	KFDPLEGAPMARGIVLEKVG	20	0	0.343313	1.8264	non-AMP
DBAASP_20075	GRWRRRWRG	9	5	0.9983012	27.6986	AMP
DBAASP_20359	RARKIRRRRGSLRHCVTIPSTPSGR	25	9	0.9976191	26.2327	AMP
DBAASP_4567	KKSYVRRWRS	10	5	0.38459203	2.1084	non-AMP
DBAASP_3403	ILPILGNLLNSLL	13	0	0.9984472	28.089	AMP
DBAASP_11218	GFLEKLKTGAKDFASAFVNSIK	22	2	0.9999891	49.6465	AMP
DBAASP_20573	RRRRRRWWWWWWW	13	6	0.9994097	32.2891	AMP
DBAASP_14314	SLWSSIKDMAAAAGRAALNAVNGILNP	27	1	0.9999019	40.0855	AMP
DBAASP_19589	FVDLKKIANIL	11	1	0.96408385	14.4471	AMP
DBAASP_4049	LSFVGRVASKVVPSLISMIK	20	3	0.7041405	5.2891	AMP
DBAASP_17768	HLPLPLLQPLMQQVPQPI	18	0	0.6389224	4.424	AMP
DBAASP_18065	PRYPRWPRHPD	11	2	0.00356882	0.0155	non-AMP
DBAASP_7115	FPVTWPTKWWKG	12	2	0.97914255	16.8074	AMP
DBAASP_11057	RLKKHLKKIK	10	6	0.9971119	25.3939	AMP
DBAASP_11364	DHNNEIVKIQSLLRANKARDDYK	23	1	0.00011703	0.0005	non-AMP
DBAASP_14676	GEFAQFEQEAQSLEQELSQLEQQLESL	27	-7	0.00342227	0.0149	non-AMP
DBAASP_19127	GFFKKAKRKVKKAG	14	7	0.99998885	49.5521	AMP
DBAASP_20054	AWRRRWA	7	3	0.73528206	5.7722	AMP
DBAASP_20397	KEERGAPKGCWTKSYPPKPCSGKR	24	5	0.91055614	10.4845	AMP
DBAASP_10039	nan	NA	NA	NA	NA	NA
DBAASP_4553	LRRLWLRANRL	11	4	0.74005246	5.8511	AMP
DBAASP_5026	HFLGTLVNLAKKIK	14	3	0.99997216	45.554	AMP
DBAASP_9298	KS	2	1	0.0193097	0.0847	non-AMP
DBAASP_20405	AGLQFPVGRIHRHLKTR	17	4	0.9764449	16.2792	AMP
DBAASP_16103	FALGAVTKVLYKLFCLITRKC	21	4	0.99999726	55.7151	AMP
DBAASP_20295	VLGLALIVGGALLIKKKQAKS	21	4	0.9865692	18.719	AMP
DBAASP_2211	FLGALAKIISGIF	13	1	0.9976798	26.3448	AMP
DBAASP_19290	GVFKDALKQFGAALLDQAANALKPK	25	2	0.9725568	15.6156	AMP
DBAASP_14664	GGRRWQWRMKKLGAPSITLPET	22	4	0.92499465	11.2491	AMP
DBAASP_6336	GNNRVYIPQPRPHPRL	16	3	0.99816906	27.3733	AMP
DBAASP_9366	AAKIILNPKFRCFAAFC	17	3	0.9991967	30.9513	AMP
DBAASP_20558	RRWWWW	6	2	0.99997467	45.9531	AMP
DBAASP_15621	GFLKKVGKKLEGASDLTRDATIQTIAVAQAAANVAATAKQG	41	3	0.9998571	38.4505	AMP
DBAASP_12629	FLSLIPKIISAISALINHF	19	1	0.99998254	47.5785	AMP
DBAASP_7149	LLPIVGNLLKSLLGWKRKAFG	21	4	0.9999919	50.9118	AMP
DBAASP_13641	EWAAARQVIIHATRKY	16	2	0.22202227	1.0903	non-AMP
DBAASP_5014	KFLGTLVNLAKKIL	14	3	0.99976623	36.3121	AMP
DBAASP_12351	GWGCNIFGGNDYRCHRHCKSISGYKGGYCKLGGICKCY	38	5	0.9999906	50.2606	AMP
DBAASP_979	KSSTRGRKSSRRKK	14	8	0.95223147	13.2086	AMP
DBAASP_8152	FLFSLIPSAIAGLVSAIRN	19	1	0.99994045	42.2559	AMP
DBAASP_15148	LVTLVFVGGGWKWKWENGKWKWKW	24	4	0.6573764	4.6518	AMP
DBAASP_17411	RIVQRIKKWR	10	5	0.9971121	25.3942	AMP
DBAASP_17930	GILDIKNKVSNLFKKIK	17	4	0.9999998	67.476	AMP
DBAASP_11048	DRVFKFACRRNKAAR	15	5	0.78063977	6.5884	AMP
DBAASP_17398	LRRLRLRLLRLLRRLLRLL	19	8	0.99459827	22.6746	AMP
DBAASP_16463	FLPGILKVAANVVPGVI	17	1	0.9831564	17.7356	AMP
DBAASP_4077	FIKELLPHLSGIIDSVANAIK	21	0	0.98915833	19.649	AMP
DBAASP_4040	STVKVASKLAVVVSPISKGS	20	3	0.87345	8.9774	AMP
DBAASP_11808	SLQPGAPNFPIPGQEKQEGWKFDPSLTRGEDGNTLGSINIHHTGPNHEVGANWDKVIRGPGKAKPTYSIHGSWRW	75	1	0.9951296	23.1243	AMP
DBAASP_2407	ILGKLLSTAAGLLSNL	16	1	0.99987227	38.935	AMP
DBAASP_9292	KA	2	1	0.16448395	0.7805	non-AMP
DBAASP_19588	FVDLKKIANILNSIF	15	1	0.9949632	22.9784	AMP
DBAASP_17400	LVKRVKKVL	9	4	0.85960263	8.5264	AMP
DBAASP_4020	SRVPLKSPVKIVGSKVMIFA	20	4	0.44019857	2.5197	non-AMP
DBAASP_4041	MKSIAKFIAKTVAKQGAKQG	20	5	0.00910443	0.0397	non-AMP
DBAASP_18060	LPRIPRLPRYPRYPRWPRHPT	21	6	0.9916752	20.7963	AMP
DBAASP_4673	APRKNVRF	8	3	0.00502137	0.0219	non-AMP
DBAASP_20399	RMIRRPPGFSPFRVAPASSLKR	22	6	0.9920392	20.9904	AMP
DBAASP_20538	VEKSEKAISGARRGSPIVNRHVVHLEHVRLKGPYRLSDRLSSAPRTSTRV	50	7	0.8928024	9.6982	AMP
DBAASP_20365	NKIKFINKYVKKVQLKKILVKS	22	8	0.99421954	22.3803	AMP
DBAASP_20935	GVLELLKGAAKDLAGHVATKVLKKI	25	3	1.0	80.0	AMP
DBAASP_10649	FSEAIKKIIDFLG	13	0	0.9331257	11.7474	AMP
DBAASP_10368	KKK	3	3	0.6009828	3.9901	AMP
DBAASP_14416	FWRRFWRR	8	4	0.99974537	35.9409	AMP
DBAASP_6911	LQKYYCRVRGGRCAVLSCLPKEEQIGKCSTRGRKCCRRKK	40	11	0.9985054	28.255	AMP
DBAASP_5023	HFLGTLVNKAKKIL	14	3	0.99999416	52.3349	AMP
DBAASP_19289	GVFKDALKQFGAALLDKAANALKPK	25	3	0.99842376	28.0238	AMP
DBAASP_4256	GLFDVIKKV	9	1	0.999276	31.4025	AMP
DBAASP_13062	GFGCPGNEKKCHNHCKGIKGYKGGYCDGPYIPFVGRPRCKCY	42	6	0.9998106	37.2257	AMP
DBAASP_15887	RKKKMKKALQY	11	6	0.6369336	4.4001	AMP
DBAASP_20939	GVIDFLKGAAKDLAGHVATKVIKKL	25	3	1.0	80.0	AMP
DBAASP_12628	FLSLIPKAISAISALINHF	19	1	0.99996734	44.8673	AMP
DBAASP_8809	VDRGWGNGCGLFGKGG	16	1	0.4909762	2.9326	non-AMP
DBAASP_15882	RYRRKKKMKKA	11	8	0.6793285	4.9394	AMP
DBAASP_5425	LRPAILVRIK	10	3	0.9991598	30.7562	AMP
DBAASP_4039	SAVGSVASKVVPSLISKVTK	20	3	0.90011024	10.0048	AMP
DBAASP_20336	FILHAKKTRSAK	12	4	0.99434173	22.4732	AMP
DBAASP_13638	AIVEQLRKRC	10	2	0.38436332	2.1068	non-AMP
DBAASP_6439	DLKGTFAALSELHCDKLHVDPENFKL	26	-2	0.28230268	1.4406	non-AMP
DBAASP_10834	FFSMIPKIAGGIASLVKNL	19	2	0.9979038	26.7857	AMP
DBAASP_9283	KP	2	1	0.5577289	3.5431	AMP
DBAASP_19139	MLSLISQVTLYSLSDNNLAAIIVDFLIHK	29	-1	3e-07	0.0	non-AMP
DBAASP_3975	FLGKVVKGASKVFPAVFGKV	20	4	0.9999552	43.485	AMP
DBAASP_10381	KKKK	4	4	0.70181954	5.2552	AMP
DBAASP_17334	REVLGYERNSYK	12	1	0.0994489	0.4549	non-AMP
DBAASP_19851	FLPIVAKLLEGLL	13	0	0.9895566	19.8116	AMP
DBAASP_19855	FLPIVAKLLKGLL	13	2	0.9532299	13.3003	AMP
DBAASP_280	WWQDWWNEW	9	-2	0.04028925	0.1786	non-AMP
DBAASP_17654	GALKRAKTAL	10	3	0.80748576	7.1554	AMP
DBAASP_9336	GRRPRPRPRPFFF	13	5	0.9536689	13.3413	AMP
DBAASP_19592	KKFVPLKKIANIL	13	4	0.9777074	16.5184	AMP
DBAASP_3775	GFWSSALEGLKKFAKGGLEALTNPK	25	2	0.99999535	53.3263	AMP
DBAASP_14269	VRRFPWAAPFLRR	13	4	0.8039904	7.0772	AMP
DBAASP_4250	KVASVIGGL	9	1	0.81502485	7.3289	AMP
DBAASP_281	FIKHFIHRF	9	2	0.99654746	24.6185	AMP
DBAASP_2208	FLPILGKLLSGIL	13	1	0.99805576	27.1125	AMP
DBAASP_17110	GLFDIIKKIWESF	13	0	0.9999998	67.476	AMP
DBAASP_11217	GFLEKLKKGAKDFASALVNSIKGT	24	3	0.99999934	61.8333	AMP
DBAASP_6200	KLLK	4	2	0.93623734	11.9543	AMP
DBAASP_20335	VAAFAIIGCLCCRRPRR	17	4	0.9950098	23.0188	AMP
DBAASP_17843	KLFK	4	2	0.84493107	8.0948	AMP
DBAASP_12653	RCWR	4	2	0.6149492	4.1448	AMP
DBAASP_3217	AWRFKNIRK	9	4	0.51714945	3.1619	AMP
DBAASP_16034	KLKLKL	6	3	0.9976894	26.3628	AMP
DBAASP_4074	VKTKCSVPAVVYILVKTFKS	20	4	0.8393124	7.9402	AMP
DBAASP_10376	KG	2	1	0.02830107	0.1247	non-AMP
DBAASP_7021	SRWPSPGRPRPFPG	14	3	0.28733936	1.4712	non-AMP
DBAASP_20178	WGKNLQMKSLYNNLTIGHYKRRF	23	5	0.05085916	0.2267	non-AMP
DBAASP_9623	VRVKVRVK	8	4	0.78269106	6.6292	AMP
DBAASP_19880	LKKLCAILKKLCRI	14	5	0.99960935	34.0821	AMP
DBAASP_15622	GFLKKVGKKLEGASDLTRDATIQTIAVAQAAANVAATAKQ	40	3	0.9999412	42.3084	AMP
DBAASP_4258	DVIKKVASVIG	11	1	0.9994464	32.568	AMP
DBAASP_7593	WW	2	0	0.59834504	3.9615	AMP
DBAASP_4075	GALFSLASKVVPAVIGLIKK	20	3	0.9998973	39.8843	AMP
DBAASP_4455	HKTDSFVGLM	10	0	0.0003034	0.0013	non-AMP
DBAASP_13639	KLSASLKHVAHRARHLS	17	4	0.9984757	28.1692	AMP
DBAASP_4418	FLPILASLAAKFGPKLFSLVTKKS	24	4	0.9999264	41.3305	AMP
DBAASP_9260	KPV	3	1	0.13171162	0.6134	non-AMP
DBAASP_4593	GIIKKIIKKI	10	4	0.9999964	54.3939	AMP
DBAASP_20965	GIGKFLKFALKKGLGLVLKFKL	22	6	0.9999792	46.8189	AMP
DBAASP_4019	PVIGKLASKVVPSVFSMIKR	20	4	0.72194624	5.5587	AMP
DBAASP_8112	EEEEWWWW	8	-4	0.45218024	2.6136	non-AMP
DBAASP_15881	RYRRKKKMKKALQY	14	8	0.732686	5.7298	AMP
DBAASP_12391	FLSLIPHIVSGVAALANHL	19	0	0.9998309	37.7171	AMP
DBAASP_12675	QLGRRRHRRRPSRRRRHW	18	10	0.9846319	18.1338	AMP
DBAASP_20535	VVKTVVSRAYTRAGLAQRLGWHDLRHSTRT	30	5	0.41614905	2.337	non-AMP
DBAASP_4032	GALFGLASKVFPAVFGAFKK	20	3	0.99981225	37.2641	AMP
DBAASP_8290	GVIDIIKGAGKDLIAHAIGKLAEKV	25	1	0.9999992	61.1078	AMP
DBAASP_19831	GLWNSIKIA	9	1	0.80292	7.0536	AMP
DBAASP_19844	FLEIVAKLLSGLL	13	0	0.99912834	30.5965	AMP
DBAASP_4556	QLKVDLWGTRSGIQPEQHSSGKSDVRRWRSRY	32	4	0.86696464	8.7603	AMP
DBAASP_11100	PRPRPRP	7	3	0.01903528	0.0835	non-AMP
DBAASP_8625	GLMKRIKTML	10	3	0.9259567	11.3051	AMP
DBAASP_4006	KVFIATLVVSSFLLAKPPRV	20	3	0.20903102	1.0184	non-AMP
DBAASP_7625	WW	2	0	0.59834504	3.9615	AMP
DBAASP_20493	LKCTKSGCKL	10	3	0.17953698	0.8594	non-AMP
DBAASP_11152	KKKK	4	4	0.70181954	5.2552	AMP
DBAASP_10380	KKK	3	3	0.6009828	3.9901	AMP
DBAASP_10737	GLFDIVKKVVGAIGSL	16	1	1.0	80.0	AMP
DBAASP_4065	FVGSLASKVVPSVFGAIKTK	20	3	0.99983245	37.7601	AMP
DBAASP_17824	GRRPLLLRAR	10	4	0.63521504	4.3796	AMP
DBAASP_15	DSHAKRHHGYKRKFHEKHHSHRGY	24	5	0.99967146	34.8341	AMP
DBAASP_4000	VSVKKVLPFAPLKSLLSFAF	20	3	0.9794815	16.8785	AMP
DBAASP_19137	MSAALMSGSVSSSWSFRYFSRSDMAAIMSSGAGGI	35	1	7.33e-06	0.0	non-AMP
DBAASP_9294	KF	2	1	0.29217374	1.5007	non-AMP
DBAASP_18066	WPKLPKIPKLPKYPKYPKWPK	21	7	0.99763906	26.2692	AMP
DBAASP_5286	GFISTVKNLATNVAGTVIDTIKCKVTGGC	29	2	0.9999995	63.2163	AMP
DBAASP_13251	AAARLRLLLYLITRR	15	4	0.49731904	2.9871	non-AMP
DBAASP_3104	FLSIIAKVLGSLF	13	1	0.9992536	31.2701	AMP
DBAASP_7662	SKVGRHGRRFGHRAHRKL	18	7	0.92169726	11.0622	AMP
DBAASP_9407	DIFGAIWPLALGALKNLIK	19	1	0.9980267	27.0481	AMP
DBAASP_10697	RLPWRWPRRPWRR	13	6	0.9999706	45.3187	AMP
DBAASP_10704	FLGGLIKRVPAMICAVRKKC	20	5	0.999999	59.6945	AMP
DBAASP_3884	FLFSLIPHAIGGLISAFK	18	1	0.99999857	58.4451	AMP
DBAASP_13719	KFKKVIWKSFL	11	4	0.84347665	8.0542	AMP
DBAASP_4056	PSLLYKAKAVFCKPSAVAVF	20	3	0.8985712	9.9384	AMP
DBAASP_20375	VMLPKFKR	8	3	0.99790066	26.7791	AMP
DBAASP_4034	FMKVLAVFGSVVTSAPKASK	20	3	0.99784696	26.6695	AMP
DBAASP_17565	GFLDVVKGVGKAALGAVTHLINQGEQ	26	0	0.99999046	50.206	AMP
DBAASP_20045	VWRRRWV	7	3	0.9901697	20.0743	AMP
DBAASP_19810	GSKKPVPIIYTNRRTGKCQRM	21	6	0.99867314	28.7716	AMP
DBAASP_12381	FLSLIPAAISAVSALANH	18	0	0.9846178	18.1298	AMP
DBAASP_3969	FLGSVFKSASKVFPAVFGKV	20	3	0.99996966	45.18	AMP
DBAASP_4298	FLGMIPGLIGGLISAFK	17	1	0.99955094	33.4775	AMP
DBAASP_14271	VRRFPAAAPFLRR	13	4	0.68491507	5.0157	AMP
DBAASP_9299	KI	2	1	0.4210873	2.3739	non-AMP
DBAASP_20388	GLISGILGAGKK	12	2	0.999927	41.3623	AMP
DBAASP_11054	RQIKKAFRKMA	11	5	0.78116953	6.5989	AMP
DBAASP_10035	GRRRRSVQWCA	11	4	0.2989791	1.5427	non-AMP
DBAASP_3769	GVGKFLHSAKKFGQALASEIMKS	23	3	0.999727	35.6395	AMP
DBAASP_11115	PRPWPRP	7	2	0.75930893	6.1854	AMP
DBAASP_3962	FLGVVFKKASKVFPKVFGKV	20	5	0.9999979	56.8065	AMP
DBAASP_9267	KPV	3	1	0.13171162	0.6134	non-AMP
DBAASP_7765	RFRRLRKKIRKRLKKI	16	11	0.99997985	46.958	AMP
DBAASP_18209	FFPLIFGALSSILPKIL	17	1	0.99959767	33.9542	AMP
DBAASP_9281	KPA	3	1	0.29141355	1.4961	non-AMP
DBAASP_4416	GLKKIFKAGLGSLVKGIAAHVAS	23	4	0.99998933	49.743	AMP
DBAASP_20361	ATAAECLKHPWLKIKK	16	3	0.97429097	15.8991	AMP
DBAASP_10048	RKKTRKR	7	6	0.70033264	5.2336	AMP
DBAASP_3986	FLGVVFKLASKVFGAVFGKV	20	3	0.99998856	49.4142	AMP
DBAASP_16581	DILIIVGGGSGKERKKRRR	19	5	0.24566802	1.2244	non-AMP
DBAASP_12189	QREPQVQWLEQQVAKRRTKR	20	4	0.25302964	1.267	non-AMP
DBAASP_5510	GVAKFGKAAAHFGKGWIKEMLNS	23	3	0.9984714	28.157	AMP
DBAASP_10116	KIAGKIAKKAGKIAK	15	6	0.99990666	40.2993	AMP
DBAASP_6916	LQKYYARVRGGRAAVLSALPKEEQIGKASTRGRKAARRKK	40	11	0.97949106	16.8806	AMP
DBAASP_5418	AIFIFIRWLLKLGHHGRAPP	20	3	0.9975398	26.0903	AMP
DBAASP_2285	GMATKAGTALGKVAKAVIGAAL	22	3	0.9999563	43.5962	AMP
DBAASP_13416	MDKYIRKEDLGMKMLDVAKILGRRIEKRMEYIAKK	35	5	2.02e-06	0.0	non-AMP
DBAASP_20362	IIRATAAECLKHPWLKIKK	19	4	0.96232426	14.2394	AMP
DBAASP_13832	ALRGCWTFSIPPKPCP	16	2	0.9999708	45.3452	AMP
DBAASP_18166	FLQGIWDTVGKWL	13	0	0.9994286	32.4304	AMP
DBAASP_9270	KPV	3	1	0.13171162	0.6134	non-AMP
DBAASP_17841	KLFK	4	2	0.84493107	8.0948	AMP
DBAASP_10490	VLLRALARKITLGIKKYG	18	5	0.9996697	34.8105	AMP
DBAASP_4009	AATGTGKTAAFALPVLERLI	20	1	0.0259433	0.1142	non-AMP
DBAASP_13649	FLFSLIPNAISGLLSAFK	18	1	0.99999046	50.206	AMP
DBAASP_14727	GWARRTVAKVRK	12	5	0.8919078	9.6621	AMP
DBAASP_17760	RIKTVTSFDLPALRWLKL	18	3	0.65017426	4.5615	AMP
DBAASP_2826	CKAAFC	6	1	0.56157684	3.5811	AMP
DBAASP_9254	KPV	3	1	0.13171162	0.6134	non-AMP
DBAASP_20021	SWKSMAKKLKEYMEKLKQRA	20	5	0.9559878	13.5643	AMP
DBAASP_5057	KILRGVSKRILTGKK	15	6	0.9998094	37.1984	AMP
DBAASP_15880	RYRRKKKMKKALQYIKL	17	9	0.9630744	14.3267	AMP
DBAASP_18788	GWWRRTVDKVRNAGRKV	17	5	0.99992514	41.2573	AMP
DBAASP_20955	IGKLFKRIVERIKRFLRVLLRILR	24	8	0.99956167	33.582	AMP
DBAASP_9264	KPV	3	1	0.13171162	0.6134	non-AMP
DBAASP_19834	VNVLDKIR	8	1	0.2550578	1.2788	non-AMP
DBAASP_12928	LLKLLLKLLLKLL	13	3	0.999357	31.9174	AMP
DBAASP_19849	FLPIVAKELSGLL	13	0	0.842188	8.0186	AMP
DBAASP_15883	RYRRKKKMKK	10	8	0.4763618	2.8097	non-AMP
DBAASP_10886	QVRWWGRYWRRKWATCR	17	6	0.9999963	54.3233	AMP
DBAASP_20358	SILSTLSHKR	10	2	0.99767613	26.338	AMP
DBAASP_5252	PRPLPFPRPGPRPIPRPLPFPRPGPRPI	28	6	0.82476515	7.5638	AMP
DBAASP_4729	FWGALAKGALKLIGVSLFSSFSKKD	25	3	0.9998573	38.456	AMP
DBAASP_10117	KIAGKIAKKAGKIAKIA	17	6	0.99998426	48.0312	AMP
DBAASP_12190	RHSRLQREPQVQWLEQQVAKRRTKR	25	6	0.87853336	9.1554	AMP
DBAASP_4260	GLFDVIKASVIGGL	14	0	0.9997222	35.5615	AMP
DBAASP_4022	GLKKDALQSIVKKAQLAAMG	20	3	0.9705705	15.3122	AMP
DBAASP_14991	IAKIAGKIAKIAGKIA	16	4	0.9853037	18.3279	AMP
DBAASP_18052	LPRIPRLPRYPRYPRWPRHPTIYA	24	6	0.96691656	14.8039	AMP
DBAASP_7660	SAVGRHLRRFLLRKHRKH	18	7	0.9935285	21.8899	AMP
DBAASP_12186	GIMDTVKNAAKNLAGQLLDKLKCSITAC	28	2	0.99999994	69.2369	AMP
DBAASP_4021	GLMSLVKDIAKLAAKQGAKQ	20	3	0.9999283	41.4445	AMP
DBAASP_4002	FLPVLVKVFRYSKKTAAGCF	20	4	0.9991697	30.8074	AMP
DBAASP_5713	GLKEVAHSAKKFAKGFISGLTGS	23	3	0.99971247	35.4131	AMP
DBAASP_17241	FLKDLKKLL	9	2	0.7988427	6.9646	AMP
DBAASP_16482	GIKKWLHSAKKPPKKFVKKIMNS	23	8	0.9999984	57.9336	AMP
DBAASP_20163	SLWENFKNAGK	11	1	0.3170213	1.6559	non-AMP
DBAASP_9048	CWTKSIPPKPC	11	2	0.97610813	16.2175	AMP
DBAASP_5354	MAIVGTIIKIIKAIIDIFAK	20	2	0.0001756	0.0008	non-AMP
DBAASP_20560	RRRWWWWW	8	3	0.9999658	44.6581	AMP
DBAASP_12905	AKKKLSRWWLRWWVK	15	6	0.9584414	13.8134	AMP
DBAASP_16390	GLLDFFKGAGKELLTHLASQI	21	0	1.0	80.0	AMP
DBAASP_11105	PRPGPRP	7	2	0.32594007	1.713	non-AMP
DBAASP_9334	GRRPRPRPRPFFFF	14	5	0.9620638	14.2095	AMP
DBAASP_6435	LVTLASHLPSDFTPAVHASLDKFLANVSTVLTSKYR	36	1	0.09568985	0.4368	non-AMP
DBAASP_21306	TVAAQLLKKARCKLDKSC	18	4	0.99907064	30.3182	AMP
DBAASP_20323	ATAWKVPPGLQPIRPIRIRPLCGNDKS	27	4	0.9978241	26.6236	AMP
DBAASP_8386	KWKSFAKTFKSAKKTVAHTALKAISS	26	7	0.9997679	36.3432	AMP
DBAASP_12390	FLSLIPHIASGIASLVKNF	19	1	0.99993217	41.6858	AMP
DBAASP_17816	GKKPWGWKAK	10	4	0.8487762	8.2038	AMP
DBAASP_4262	GLFAVIKKVASVIGG	15	2	0.9999984	57.9336	AMP
DBAASP_14679	EAQNLEKEIAALEQAIQGLEKEIPALAQQIQALEL	35	-5	0.07264217	0.3275	non-AMP
DBAASP_1646	ILPLVGNLLNDLL	13	-1	0.9997603	36.2039	AMP
DBAASP_17281	ATCDLLSPFKVGHAACAAHCIARGKRGGWCDGRAVCNCRK	40	5	0.99998856	49.4142	AMP
DBAASP_20334	WALRWKTR	8	3	0.99676746	24.9045	AMP
DBAASP_6912	LQKYYCRVRGGRCAVLSCLPKEEQIGKCSTRGRKCCRRKK	40	11	0.9985054	28.255	AMP
DBAASP_19870	GVIIDTLKGAAKTVAAELL	19	0	0.99907994	30.3616	AMP
DBAASP_264	KWKSFAKTFKSAKKTVLHTALKAISS	26	7	0.9998535	38.3414	AMP
DBAASP_4055	LPAVFKLASKVFPAVYCKAS	20	3	0.9606377	14.0492	AMP
DBAASP_4359	GVVDILKGAAKDIAGHLASKVM	22	1	0.9999997	64.4657	AMP
DBAASP_5020	HFLGTKVNLAKKIL	14	3	0.9998871	39.4734	AMP
DBAASP_13462	ATCDLLSPFKVGHAACALHCIAMGRRGGWCDGRAVCNCRR	40	4	0.99998486	48.1989	AMP
DBAASP_18115	RSWIFCTRYIPPICFVGWR	19	3	0.999967	44.8121	AMP
DBAASP_13074	KETWWETWWTEWSQPKKKRKV	21	3	0.9102238	10.4684	AMP
DBAASP_470	KKAAAAAAAAAAAAWAAAAAAKKKK	25	6	0.87733334	9.1127	AMP
DBAASP_7664	SKVGRHLRRFLHRAHRKL	18	7	0.8269149	7.6174	AMP
DBAASP_4052	TLVGVVAKLVATKIGSSPRA	20	3	0.55605716	3.5267	AMP
DBAASP_11216	GFLEKLKTGAKDFASAFVNSIKGT	24	2	0.99998885	49.5521	AMP
DBAASP_3971	FLGVVFKLVSKVFPAVFGKV	20	3	0.9999075	40.3383	AMP
DBAASP_16980	FPVTWRWWKWWKG	13	3	0.99765	26.2893	AMP
DBAASP_8292	GVFDIIKDAGRQLVAHAMGKIAEKV	25	1	0.99808896	27.1873	AMP
DBAASP_8160	LKKLKGRVSRSFLFFVKLRPAKRTLKKRIL	30	12	0.58918065	3.8635	AMP
DBAASP_3885	FPFSLIPHAIGGLISAIK	18	1	0.99987584	39.0603	AMP
DBAASP_8810	VARGWGNGCGLFGKGG	16	2	0.639912	4.4359	AMP
DBAASP_3987	FLKVVFKLASKVFGAVFGKV	20	4	0.9999846	48.131	AMP
DBAASP_4384	GILDTVKGVAKDVAAHLLNMVKCKITGC	28	2	1.0	80.0	AMP
DBAASP_19136	MPMAGAASMPNIFNLLRMPRLSATSAAAMAMRSLWA	36	3	1.478e-05	0.0001	non-AMP
DBAASP_4037	GVVGKLASKVVPSVFGSFTK	20	3	0.9979318	26.844	AMP
DBAASP_3983	FLGKVFKKASKVVPAVFGKV	20	5	0.99999505	53.0564	AMP
DBAASP_3818	GWASKIGQTLGKMAKVGLQEIIQPK	25	3	0.9999607	44.0583	AMP
DBAASP_19865	LKKLCRI	7	3	0.8007768	7.0066	AMP
DBAASP_20569	RRRRRWWWWWW	11	5	0.9932228	21.6895	AMP
DBAASP_19134	MRNKINISSLKAYASFFALMPHNVSLKIAIVNALSFSG	38	4	1.39e-06	0.0	non-AMP
DBAASP_6428	VLSAADKGNVKAAWGKVGGHAAEYGAEALERMFLSFPTTKTYFPHF	46	1	0.98594344	18.5212	AMP
DBAASP_14313	SLWSSIKDMAAAAGRAALNAVNGIVNP	27	1	0.9999693	45.1291	AMP
DBAASP_8626	GMLKRIKTLM	10	3	0.99325573	21.7107	AMP
DBAASP_4003	SFVFKLASKVVPSVFSALTR	20	3	0.8143684	7.3135	AMP
DBAASP_10374	KKK	3	3	0.6009828	3.9901	AMP
DBAASP_11541	EEEEEEEEEEKKRLKKIFKKPMVIGVTIPF	30	-3	0.25006822	1.2498	non-AMP
DBAASP_20331	VPFGLKPR	8	2	0.99739146	25.8359	AMP
DBAASP_13668	WFKIIKK	7	3	0.9833153	17.7768	AMP
DBAASP_10643	PPIVGSIPLGCG	12	0	0.4714841	2.7694	non-AMP
DBAASP_4076	LPVLFSSAIAKVGIKLGAKV	20	3	0.9014247	10.0623	AMP
DBAASP_3114	GFGCNGPWDEDDMQCHNHCKSIKGYKGGYCAKGGFVCKCY	40	1	0.99999344	51.8333	AMP
DBAASP_8291	GVFDIIKGAGKQLIAHAMGKIAEKV	25	2	0.9999992	61.1078	AMP
DBAASP_12515	KAAKTVFKLFKLQAKRAIEA	20	5	0.59648246	3.9414	AMP
DBAASP_10907	FLYIVAKLLSGLL	13	1	0.9967186	24.8393	AMP
DBAASP_13248	KRSWDIVKKYVGVVVGTIH	19	3	0.9997171	35.4839	AMP
DBAASP_10371	KGK	3	2	0.15266688	0.7195	non-AMP
DBAASP_7720	FINKAGKLQSQLRTTVVAAAAFLDAFQKVA	30	3	0.3528449	1.8899	non-AMP
DBAASP_19846	FLPIEAKLLSGLL	13	0	0.9450124	12.5974	AMP
DBAASP_18159	INLKAIAALGKKLL	14	3	0.9600256	13.9822	AMP
DBAASP_19848	FLPIVAELLSGLL	13	-1	0.9996632	34.7267	AMP
DBAASP_5250	RRIRPRPPRLPRP	13	6	0.90859336	10.3902	AMP
DBAASP_13628	GMRPPWF	7	1	0.9590047	13.8727	AMP
DBAASP_4059	SVVFGVASKVVPSVIGKVKT	20	3	0.91207904	10.5591	AMP
DBAASP_21075	GWKRKRFG	8	4	0.90083706	10.0365	AMP
DBAASP_17326	KVMREVLGYERNSYKKFFLR	20	4	0.76984656	6.3798	AMP
DBAASP_8199	FFSLIPSLVGGLISAFK	17	1	0.9999401	42.2255	AMP
DBAASP_18111	RSVIFGCYRRFCFVGFK	17	4	0.99921685	31.0616	AMP
DBAASP_21305	GVIFNALK	8	1	0.41092855	2.2983	non-AMP
DBAASP_11052	GIWTCRKKRA	10	4	0.99863863	28.6602	AMP
DBAASP_20951	IGKEFKRIVERIKRFLRELVRPLR	24	6	0.87044674	8.8755	AMP
DBAASP_10384	KGKG	4	2	0.3166296	1.6534	non-AMP
DBAASP_20498	VKCTKSGCKV	10	3	0.26307592	1.3258	non-AMP
DBAASP_20371	GAFVLWGPTPRPRRR	15	4	0.9974987	26.0183	AMP
DBAASP_20409	GLLKRIKTLL	10	3	0.99840033	27.9597	AMP
DBAASP_18064	LPRIPRLPRYPRYPRWPRHPD	21	5	0.9957778	23.7446	AMP
DBAASP_19020	FLALALIQEAIAKLK	15	1	0.99447167	22.5741	AMP
DBAASP_16039	GGLRSLGLKILLAWKKYG	18	4	0.99274194	21.3918	AMP
DBAASP_19843	FEPIVAKLLSGLL	13	0	0.9732426	15.7256	AMP
DBAASP_20103	LISGLIKK	8	2	0.9907988	20.3616	AMP
DBAASP_4050	SSSIPIKMVLVRALVFVKSG	20	3	0.44793525	2.5801	non-AMP
DBAASP_21304	GVIFNALKGVAK	12	2	0.9986889	28.8236	AMP
DBAASP_3998	SVPSVGAVLFFKRAAVMKLI	20	3	0.1831601	0.8786	non-AMP
DBAASP_3994	GVSVAGAKKVKVLFVFPFLF	20	3	0.9272251	11.3802	AMP
DBAASP_9282	KPL	3	1	0.21964836	1.0771	non-AMP
DBAASP_18105	RSVIFGCTKSIPPICFVGFK	20	3	0.98436373	18.0587	AMP
DBAASP_19833	FVNVLDKIR	9	1	0.5111118	3.1079	AMP
DBAASP_18167	LWGALLGLGSTLLSKL	16	1	0.999946	42.6759	AMP
DBAASP_13060	GFGCGGPWNEDDMQCHNHCKSIKGYKGGYCASAGFVCKCY	40	1	0.99996024	44.0059	AMP
DBAASP_1042	FQWQRNIRKVR	11	4	0.5097507	3.0958	AMP
DBAASP_4054	PKVVGLSIVVVKAKVSSALG	20	3	0.1338213	0.6239	non-AMP
DBAASP_9286	KT	2	1	0.15397446	0.7262	non-AMP
DBAASP_13786	KVEIVAINDPFIDL	14	-2	0.00623614	0.0272	non-AMP
DBAASP_6440	LDDLKGTFAALSELHCDKLHVDPENFKLLGNVLVVVLARNFGKEFTPVL	49	-2	0.8245804	7.5592	AMP
DBAASP_4008	RKRKSDVDFEAEFELFEDDD	20	-5	0.00252342	0.011	non-AMP
DBAASP_9268	KPV	3	1	0.13171162	0.6134	non-AMP
DBAASP_718	HPLKQYWWRPSI	12	2	0.8796288	9.1948	AMP
DBAASP_20015	LGLFKLLLRLILKGFKL	17	4	0.99482614	22.8619	AMP
DBAASP_11250	IKLRNVLKYLFRIDVIKEDIL	21	2	0.9029587	10.1304	AMP
DBAASP_10375	KKKK	4	4	0.70181954	5.2552	AMP
DBAASP_11056	AKRRLLKKMK	10	6	0.75646293	6.1344	AMP
DBAASP_20041	IWRRRWI	7	3	0.98551464	18.3907	AMP
DBAASP_13058	GFGCNGPWDEDDMKCHNHCKSIKGYKGGYCAKAGFVCKCY	40	2	0.9999929	51.4554	AMP
DBAASP_6935	GLNALKKVFQGFHEAIKLINNHVQ	24	2	0.99920213	30.9807	AMP
DBAASP_3953	FLGVVFKLASKVFKAVFGKV	20	4	0.9999937	51.9941	AMP
DBAASP_16926	KKKAARRWWA	10	5	0.4998118	3.0087	non-AMP
DBAASP_21170	FLPLLAGLAANFLPQIICKIARKC	24	3	0.9999984	57.9336	AMP
DBAASP_10825	AVAGEKLWLLPHLLKMLLTPTP	22	1	0.7997469	6.9842	AMP
DBAASP_9300	KY	2	1	0.09127909	0.4157	non-AMP
DBAASP_4045	SVIGKIASKVVPSVYCAISK	20	3	0.99991906	40.9182	AMP
DBAASP_11103	PRPRPRP	7	3	0.01903528	0.0835	non-AMP
DBAASP_7766	RFRRLRKKKRKRLKKI	16	12	0.9999592	43.8903	AMP
DBAASP_14270	VRRFPAWAPFLRR	13	4	0.79676855	6.9201	AMP
DBAASP_20101	LIGGLINR	8	1	0.7027482	5.2688	AMP
DBAASP_8514	RRIRPRPRC	9	5	0.81041485	7.222	AMP
DBAASP_20170	RLKRFKRVALRREKTARNFRSIVS	24	9	0.9942439	22.3987	AMP
DBAASP_6335	GNNRPVYIPQPRPHPRL	17	3	0.9998223	37.5036	AMP
DBAASP_17001	LKKLLKLPKKLLKL	14	6	0.9983612	27.8548	AMP
DBAASP_4025	GFIGKLASKVVPSVYCKVTG	20	3	0.9998695	38.8447	AMP
DBAASP_20363	SVASLAKNSAWPVSLKR	17	3	0.8876606	9.4947	AMP
DBAASP_6922	AVLSWLPKEEQIGKWSTRGRKWWRRKK	27	7	0.7979472	6.9454	AMP
DBAASP_17772	EPIPLESREE	10	-3	0.14875224	0.6994	non-AMP
DBAASP_4357	GVVDILKGAAKDLAGHLATKVMNKL	25	2	0.99999845	58.0975	AMP
DBAASP_13640	ESRAGKLAAKAAFKAAKR	18	5	0.4726886	2.7793	non-AMP
DBAASP_12507	KGKKGVIIAILLFAIIYKKK	20	6	0.63613695	4.3906	AMP
DBAASP_20162	SLWENFKNAGKK	12	2	0.9392708	12.166	AMP
DBAASP_12191	SPHRPRHSRLQREPQVQWLEQQVAKRRTKR	30	7	0.7568926	6.142	AMP
DBAASP_7665	SKVLRHLRRFLHRAHRKL	18	7	0.9884741	19.3832	AMP
DBAASP_17240	FLKNLKKLL	9	3	0.88034475	9.2207	AMP
DBAASP_7104	ILGTILGPLKGL	12	1	0.9873544	18.9806	AMP
DBAASP_4471	KVALGVAQNYLNPQQ	15	1	0.04423234	0.1965	non-AMP
DBAASP_3972	FLGVVFKLAVKVFPAVFGKV	20	3	0.99996626	44.719	AMP
DBAASP_4012	HTGRSGPATGHSGHSSTHGS	20	1	0.59406745	3.9155	AMP
DBAASP_282	LIKHILHRL	9	2	0.9997075	35.339	AMP
DBAASP_4005	LPVVFRVASKVFPALISKLT	20	3	0.8124138	7.268	AMP
DBAASP_20557	RRWWW	5	2	0.9996484	34.5394	AMP
DBAASP_6418	SAADKGNVKAAWGKVGGHAAEYGAEALERMFLSF	34	0	0.6077815	4.0647	AMP
DBAASP_13772	KWFRVYRGIY	10	3	0.97406685	15.8614	AMP
DBAASP_20351	DNKWQNVHFHRSAVTGPTSFSFSHK	25	2	0.8985241	9.9364	AMP
DBAASP_7659	SAVGRHLRRFGLRKHRKH	18	7	0.99895746	29.8191	AMP
DBAASP_11880	FLGAVLKVAGKLVPAAI	17	2	0.9998962	39.8392	AMP
DBAASP_10156	FKCWRWQWRWKKLGAPS	17	5	0.9977867	26.5496	AMP
DBAASP_2832	SVIGCWTKSIPPRPCFVK	18	3	0.99999845	58.0975	AMP
DBAASP_20372	GIFSLIKGAAK	11	2	0.99999726	55.7151	AMP
DBAASP_4007	THIHMNARLLIRSPFTDPQL	20	1	0.01065785	0.0465	non-AMP
DBAASP_5371	GLVGTLLGHIGKAILG	16	1	0.9999716	45.462	AMP
DBAASP_21307	TVAAQLLKKAR	11	3	0.63738674	4.4056	AMP
DBAASP_7801	VLNENLRR	8	1	0.0006478	0.0028	non-AMP
DBAASP_14663	GGRRWQWRMKKLGAPSITLPETGG	24	4	0.9306463	11.5893	AMP
DBAASP_3761	SFHVFPPWMCKSLKKC	16	3	0.9996823	34.9799	AMP
DBAASP_15150	LVTLVFVGGGWKWKWENGKWKWQW	24	3	0.36369333	1.9633	non-AMP
DBAASP_16921	KWWKLLRKKR	10	6	0.99989754	39.8919	AMP
DBAASP_20172	VVKTGCQRRRMLPR	14	5	0.6149336	4.1446	AMP
DBAASP_6422	TKAVEHLDDLPGALSELSDLHAHKLRVDPVNFKLLSHSLL	40	-2	0.01677791	0.0735	non-AMP
DBAASP_4073	VVFKLASKVVPSVYCTITKK	20	4	0.9988799	29.5075	AMP
DBAASP_20176	GLKITHTITVKGILGFLWVKIVAQK	25	4	0.99589926	23.8714	AMP
DBAASP_14780	RKLFKRILKYL	11	5	0.9945921	22.6697	AMP
DBAASP_9148	RHWRRFWH	8	3	0.9437696	12.5003	AMP
DBAASP_124	GIAKFGKAAAHFGKKWVGELMNS	23	3	0.9999272	41.3765	AMP
DBAASP_19359	AGTKEWLNKAKDFIKEKGLGMLSAAANAALN	31	2	0.9933152	21.7491	AMP
DBAASP_316	KKIGAIKKWGAIKKIGAI	18	6	0.9987625	29.0745	AMP
DBAASP_9305	PK	2	1	0.0371639	0.1645	non-AMP
DBAASP_16464	FLPGILKVAAK	11	2	0.99472195	22.7752	AMP
DBAASP_6166	GIMDTIKGAAKDLAGQLLDKLKCKITKC	28	3	1.0	80.0	AMP
DBAASP_476	KKAAASAAAAASAAWAASAAAKKKK	25	6	0.8443109	8.0774	AMP
DBAASP_9279	PV	2	0	0.00110568	0.0048	non-AMP
DBAASP_10378	KGKG	4	2	0.3166296	1.6534	non-AMP
DBAASP_3893	LLGMIPLAISAISALSKL	18	1	0.99866486	28.7447	AMP
DBAASP_13834	RKKRRQRRR	9	8	0.32636052	1.7157	non-AMP
DBAASP_5352	MGIIAGIIKVIKSLIEQFTGK	21	2	0.00715694	0.0312	non-AMP
DBAASP_9330	GRRPRPRPRP	10	5	0.6869921	5.0444	AMP
DBAASP_11255	GSLHGFMYKYLKNMVLTLF	19	2	0.9821486	17.4833	AMP
DBAASP_8293	GVFDIIKGAGKQLIAHAMEKIAEKVGLNKDGN	32	1	0.9999293	41.5027	AMP
DBAASP_13488	VRLPPPVRLPPPVRLPPP	18	3	0.8355384	7.8394	AMP
DBAASP_18053	RLPRYPRYPRWPRHPTIYA	19	5	0.9966413	24.7383	AMP
DBAASP_14653	TKCFQWQWRMKKLGAPSITCVRRAF	25	6	0.82390785	7.5426	AMP
DBAASP_13630	EVAKKLLASALKLALAI	17	2	0.99043447	20.1929	AMP
DBAASP_12580	PIRRPPIRPPFYPPFRPPIRP	21	5	0.76859933	6.3564	AMP
DBAASP_17774	RPNLHPS	7	1	0.6442311	4.4883	AMP
DBAASP_14418	FWRRFWRR	8	4	0.99974537	35.9409	AMP
DBAASP_18061	LPRIPRLPRYPRYPR	15	5	0.98855525	19.414	AMP
DBAASP_20383	GFMDTAKNVAKNVAVTLLDNLKCKITKAC	29	3	0.9999998	67.476	AMP
DBAASP_8289	GVFDIIKDAGKQLVAHATGKIAEKV	25	1	0.9999963	54.3233	AMP
DBAASP_20321	VIPFVASVAAEMMHHVYCAASKRCKN	26	2	0.99995214	43.2	AMP
DBAASP_13253	SKFLSKKPKKLFWFRA	16	6	0.9997854	36.6842	AMP
DBAASP_4060	VFSVKGGKPSVVIKVVVAST	20	3	0.63490236	4.3759	AMP
DBAASP_10885	SIKILKIYFIQGKRHWSF	18	4	0.9935328	21.8929	AMP
DBAASP_8813	GRKKRRQRRRPPQ	13	8	0.9353832	11.8965	AMP
DBAASP_20357	KHHHIKLRHERHRRYILKSLI	21	6	0.99792224	26.824	AMP
DBAASP_15006	NNEENELRRRVSFNRAVIHSLLG	23	1	0.37447152	2.0375	non-AMP
DBAASP_17814	GKKPGGWKAK	10	4	0.4527031	2.6178	non-AMP
DBAASP_4580	QHSSGKSDVRRW	12	2	0.00036681	0.0016	non-AMP
DBAASP_10698	FLGGLIKIVPAMICAVRKKC	20	4	0.99999875	58.823	AMP
DBAASP_9244	GRKKRRQRRRPPQ	13	8	0.9353832	11.8965	AMP
DBAASP_20398	FLPSSPWNEGTYVLKKLKS	19	2	0.99954253	33.397	AMP
DBAASP_5369	GLVGTLLGHIGKAILG	16	1	0.9999716	45.462	AMP
DBAASP_13643	EKAILSALKLLRLAL	15	2	0.6357	4.3854	AMP
DBAASP_14648	IDWKKLPDAAKQIL	14	1	0.69588095	5.1696	AMP
DBAASP_20108	GALEIFKKYRLPKCF	15	3	0.9989807	29.917	AMP
DBAASP_8295	GVFDIIKGAGKQLIARAMGKIAEKVGLNKDGN	32	3	0.99980414	37.0805	AMP
DBAASP_20367	FACPIGFFRLKR	12	3	0.81266594	7.2738	AMP
DBAASP_3977	FLGKVFKGAVKVFPAVFGKV	20	4	0.999996	53.9865	AMP
DBAASP_20354	VKCRVRR	7	4	0.98365355	17.8658	AMP
DBAASP_14647	IDWKKLLPAAKQIL	14	2	0.7800828	6.5774	AMP
DBAASP_18059	PRLPRIPRLPRYPRYPRWPRHPT	23	7	0.77464503	6.4713	AMP
DBAASP_4058	FKVVISKPGLSVRVGTALVT	20	3	0.60943764	4.0831	AMP
DBAASP_13417	IDTYSRKDDLDKKLLEVAKIIGRRLEKRHEYLAMK	35	3	0.5580875	3.5466	AMP
DBAASP_15002	NLVGSLLGGILKK	13	2	0.8998292	9.9926	AMP
DBAASP_19518	AKVVNKLTGGVAGLLK	16	3	0.7558004	6.1226	AMP
DBAASP_17614	RWWKWWWWWRRWKWKK	16	7	0.9999879	49.1937	AMP
DBAASP_20408	GLLKRIKTLL	10	3	0.99840033	27.9597	AMP
DBAASP_12382	FLSLLPHIASGIASLVSKF	19	1	0.99998873	49.4826	AMP
DBAASP_20364	VTISIARRVSSHKRG	15	4	0.99449015	22.5886	AMP
DBAASP_20458	FPFPFGRR	8	2	0.96642566	14.7399	AMP
DBAASP_20400	RPRWSHRSRR	10	5	0.9520416	13.1914	AMP
DBAASP_13245	GWKAIHKAAKGIHTYVN	17	3	0.99775183	26.4817	AMP
DBAASP_7026	PRPFPGRPKPIFRPR	15	5	0.3800091	2.0761	non-AMP
DBAASP_19852	FLPIVAKLLSELL	13	0	0.9955658	23.5318	AMP
DBAASP_16102	FALGAVTCLIRTKCKVLPKLF	21	4	0.9996593	34.6755	AMP
DBAASP_19853	FLPIVAKLLSGEL	13	0	0.806385	7.1306	AMP
DBAASP_18057	PRYPRYPRWPRHPTIYA	17	4	0.25017715	1.2504	non-AMP
DBAASP_12511	GQLNKFIKKAQRKFHEKFAK	20	6	0.8987492	9.946	AMP
DBAASP_9544	FLSMIPKIAGGIASLVKNL	19	2	0.99783087	26.6371	AMP
DBAASP_6919	LQKYYARVRGGRAAVLS	17	4	0.46613893	2.7257	non-AMP
DBAASP_17332	GLHKVMREVLGYERNSYK	18	2	0.79630566	6.9102	AMP
DBAASP_2506	GFMKYIGPLIPHKVKAISDLI	21	2	0.99929	31.4874	AMP
DBAASP_18054	PRYPRWPRHPTIYA	14	3	0.21282683	1.0393	non-AMP
DBAASP_13249	AGEKRIIKKIDEAFQ	15	1	0.01309335	0.0572	non-AMP
DBAASP_6920	LQKYYWRVRGGRWAVLS	17	4	0.92697066	11.365	AMP
DBAASP_20023	LIKKLKEYLKKLI	13	4	0.9999346	41.8491	AMP
DBAASP_21161	TGKASQFFGLM	11	1	0.25276875	1.2654	non-AMP
DBAASP_20378	SSLSPLSSSSGLGKKKKRKSKRASR	25	9	0.93257415	11.7117	AMP
DBAASP_3889	FLSLIPHIVSGVASIAKHF	19	1	0.9999939	52.1612	AMP
DBAASP_4043	LPAVFKLASKVVPSVFGLVK	20	3	0.78145814	6.6047	AMP
DBAASP_4027	KYGPALVIAVKKSCSLTFRA	20	4	0.73358697	5.7444	AMP
DBAASP_6168	FLPLIAGVAANFLPKIFCLISKKC	24	3	0.99999934	61.8333	AMP
DBAASP_6441	ARNFGKEFTPVLQADFQKVVAGVANALAHRYH	32	2	0.44179812	2.5321	non-AMP
DBAASP_19860	FLPIVAKLLSKLL	13	2	0.9995646	33.6104	AMP
DBAASP_9724	FPLTWPTKWWKG	12	2	0.99320227	21.6763	AMP
DBAASP_1238	ENFFKEIERAGQRIRDAIISAAPAVETLAQAQKIIKGGD	39	0	0.99222744	21.0944	AMP
DBAASP_8170	ATCDLLSPFKVGHAACAAHCIARGKRGGWCDKRAVCNCRK	40	6	0.99999726	55.7151	AMP
DBAASP_8179	ATCDLLSGTGVKHSACAAHCLLRGNRGGYCNGRAICVCRN	40	4	0.9999998	67.476	AMP
DBAASP_10383	KGK	3	2	0.15266688	0.7195	non-AMP
DBAASP_6006	FLPILGKLLSGLL	13	1	0.9882263	19.2909	AMP
DBAASP_20562	RRRWWWWWWW	10	3	0.9998776	39.1233	AMP
DBAASP_19003	GVITDTLKGVAKTVAAELLRKAHCKLTNSC	30	3	0.999998	56.9324	AMP
DBAASP_15003	DLLNGLLNPVLGIANGLTGGLVKK	24	1	0.99997616	46.2266	AMP
DBAASP_10892	GSKRWRKFEKKVKKALEDAKEKLQVSSSTIFFLFKLTFSGGIILLRKNEYRRSSNILKRLYR	62	13	0.9998398	37.9529	AMP
DBAASP_10650	LVKLVAGIKKFLKWK	15	5	0.99973536	35.7734	AMP
DBAASP_17404	FFFKLLPKAIGALKKI	16	4	0.9999828	47.6533	AMP
DBAASP_10360	K	NA	NA	NA	NA	NA
DBAASP_4061	FLPFVGRIASKVVPSVIGKV	20	3	0.99960005	33.98	AMP
DBAASP_17028	ILGTILGLLKFL	12	1	0.9982232	27.5036	AMP
DBAASP_6701	FVDLKKIANIINSIF	15	1	0.9868973	18.8264	AMP
DBAASP_9291	KV	2	1	0.37540945	2.044	non-AMP
